P00001,D00001
P00002,D00002
P00003,D00003
P00004,D00004
P00005,D00005
P00006,D00006
P00007,D00007
P00008,D00008
P00009,D00009
P00010,D00010
P00011,D00008
P00012,D00009
P00013,D00001
P00014,D00002
P00015,D00003
P00016,D00004
P00017,D00005
P00018,D00006
P00019,D00007
P00020,D00017
P00021,D00018
P00022,D00019
P00023,D00020
P00024,D00015
P00025,D00002
P00026,D00003
P00027,D00004
P00028,D00005
P00029,D00006
P00030,D00007
P00031,D00008
P00032,D00009
P00033,D00010
P00034,D00011
P00035,D00012
P00036,D00013
P00037,D00014
P00038,D00015
P00039,D00016
P00040,D00017
P00041,D00018
P00042,D00019
P00043,D00020
P00044,D00015
P00045,D00016
P00046,D00017
P00047,D00018
P00048,D00015
P00049,D00016
P00050,D00017
