SET SQL_MODE = "NO_AUTO_VALUE_ON_ZERO";
START TRANSACTION;
SET time_zone = "+00:00";

/*!40101 SET @OLD_CHARACTER_SET_CLIENT=@@CHARACTER_SET_CLIENT */;
/*!40101 SET @OLD_CHARACTER_SET_RESULTS=@@CHARACTER_SET_RESULTS */;
/*!40101 SET @OLD_COLLATION_CONNECTION=@@COLLATION_CONNECTION */;
/*!40101 SET NAMES utf8mb4 */;

INSERT INTO `puntos_agiles` (`id_ap`, `ap`) VALUES(1, 1);
INSERT INTO `puntos_agiles` (`id_ap`, `ap`) VALUES(2, 2);
INSERT INTO `puntos_agiles` (`id_ap`, `ap`) VALUES(3, 3);
INSERT INTO `puntos_agiles` (`id_ap`, `ap`) VALUES(4, 5);
INSERT INTO `puntos_agiles` (`id_ap`, `ap`) VALUES(5, 8);
INSERT INTO `puntos_agiles` (`id_ap`, `ap`) VALUES(6, 13);

INSERT INTO `capacidad_equipo` (`id_capacidad`, `horas_productivas`, `tiempo_perdido_pc`, `errores_registro_pc`, `overhead_pc`, `productivas_pc`, `operativos_pc`, `humano_pc`, `cmmi_pc`) VALUES(1, '20.00', '0.10', '0.20', '0.30', '0.40', '0.50', '0.60', '0.70');
INSERT INTO `capacidad_equipo` (`id_capacidad`, `horas_productivas`, `tiempo_perdido_pc`, `errores_registro_pc`, `overhead_pc`, `productivas_pc`, `operativos_pc`, `humano_pc`, `cmmi_pc`) VALUES(2, '30.06', '0.14', '0.22', '0.34', '0.41', '0.56', '0.66', '0.71');
INSERT INTO `capacidad_equipo` (`id_capacidad`, `horas_productivas`, `tiempo_perdido_pc`, `errores_registro_pc`, `overhead_pc`, `productivas_pc`, `operativos_pc`, `humano_pc`, `cmmi_pc`) VALUES(3, '23.30', '0.14', '0.12', '0.34', '0.14', '0.53', '0.26', '0.74');
INSERT INTO `capacidad_equipo` (`id_capacidad`, `horas_productivas`, `tiempo_perdido_pc`, `errores_registro_pc`, `overhead_pc`, `productivas_pc`, `operativos_pc`, `humano_pc`, `cmmi_pc`) VALUES(4, '50.80', '0.61', '0.32', '0.43', '0.34', '0.25', '0.63', '0.17');
INSERT INTO `capacidad_equipo` (`id_capacidad`, `horas_productivas`, `tiempo_perdido_pc`, `errores_registro_pc`, `overhead_pc`, `productivas_pc`, `operativos_pc`, `humano_pc`, `cmmi_pc`) VALUES(5, '2.00', '0.11', '0.22', '0.33', '0.44', '0.55', '0.66', '0.77');
INSERT INTO `capacidad_equipo` (`id_capacidad`, `horas_productivas`, `tiempo_perdido_pc`, `errores_registro_pc`, `overhead_pc`, `productivas_pc`, `operativos_pc`, `humano_pc`, `cmmi_pc`) VALUES(6, '12.36', '0.34', '0.62', '0.46', '0.16', '0.55', '0.34', '0.98');
INSERT INTO `capacidad_equipo` (`id_capacidad`, `horas_productivas`, `tiempo_perdido_pc`, `errores_registro_pc`, `overhead_pc`, `productivas_pc`, `operativos_pc`, `humano_pc`, `cmmi_pc`) VALUES(7, '52.25', '0.10', '0.20', '0.73', '0.40', '0.55', '0.26', '0.57');
INSERT INTO `capacidad_equipo` (`id_capacidad`, `horas_productivas`, `tiempo_perdido_pc`, `errores_registro_pc`, `overhead_pc`, `productivas_pc`, `operativos_pc`, `humano_pc`, `cmmi_pc`) VALUES(8, '50.8', '0.15', '0.08', '0.20', '0.55', '0.25', '0.05', '0.15');
INSERT INTO `capacidad_equipo` (`id_capacidad`, `horas_productivas`, `tiempo_perdido_pc`, `errores_registro_pc`, `overhead_pc`, `productivas_pc`, `operativos_pc`, `humano_pc`, `cmmi_pc`) VALUES(9, '5.50', '0.10', '0.12', '0.30', '0.00', '0.00', '0.00', '0.66');
INSERT INTO `capacidad_equipo` (`id_capacidad`, `horas_productivas`, `tiempo_perdido_pc`, `errores_registro_pc`, `overhead_pc`, `productivas_pc`, `operativos_pc`, `humano_pc`, `cmmi_pc`) VALUES(10, '93.27', '0.27', '0.27', '0.27', '0.92', '0.34', '0.71', '0.50');

INSERT INTO `proyecto` (`id_proyecto`, `nombre_proyecto`, `descripcion`, `imagen`, `fecha_inicio`, `fecha_fin`, `estado_proyecto`, `proyecto_terminado`) VALUES(1, 'Proyecto 1', 'Descripción del Proyecto 1', 'https://www.esan.edu.pe/conexion/actualidad/2017/10/26/1500x844_portafolio_proyectos.jpg', '2021-06-02', '2021-06-03', b'1', b'0');
INSERT INTO `proyecto` (`id_proyecto`, `nombre_proyecto`, `descripcion`, `imagen`, `fecha_inicio`, `fecha_fin`, `estado_proyecto`, `proyecto_terminado`) VALUES(2, 'Proyecto 2', 'Descripción del Proyecto 2', 'https://www.esan.edu.pe/conexion/actualidad/2017/10/26/1500x844_portafolio_proyectos.jpg', '2021-06-02', '2021-06-03', b'1', b'0');
INSERT INTO `proyecto` (`id_proyecto`, `nombre_proyecto`, `descripcion`, `imagen`, `fecha_inicio`, `fecha_fin`, `estado_proyecto`, `proyecto_terminado`) VALUES(3, 'Proyecto 3', 'Descripción del Proyecto 3', 'https://www.esan.edu.pe/conexion/actualidad/2017/10/26/1500x844_portafolio_proyectos.jpg', '2021-06-02', '2021-06-03', b'1', b'0');
INSERT INTO `proyecto` (`id_proyecto`, `nombre_proyecto`, `descripcion`, `imagen`, `fecha_inicio`, `fecha_fin`, `estado_proyecto`, `proyecto_terminado`) VALUES(4, 'Proyecto 4', 'Descripción del Proyecto 4', 'https://www.esan.edu.pe/conexion/actualidad/2017/10/26/1500x844_portafolio_proyectos.jpg', '2021-06-02', '2021-06-03', b'1', b'0');
INSERT INTO `proyecto` (`id_proyecto`, `nombre_proyecto`, `descripcion`, `imagen`, `fecha_inicio`, `fecha_fin`, `estado_proyecto`, `proyecto_terminado`) VALUES(5, 'Proyecto 5', 'Descripción del Proyecto 5', 'https://www.esan.edu.pe/conexion/actualidad/2017/10/26/1500x844_portafolio_proyectos.jpg', '2021-06-02', '2021-06-03', b'1', b'0');
INSERT INTO `proyecto` (`id_proyecto`, `nombre_proyecto`, `descripcion`, `imagen`, `fecha_inicio`, `fecha_fin`, `estado_proyecto`, `proyecto_terminado`) VALUES(6, 'Proyecto 6', 'Descripción del Proyecto 6', 'https://www.esan.edu.pe/conexion/actualidad/2017/10/26/1500x844_portafolio_proyectos.jpg', '2021-06-02', '2021-06-03', b'1', b'0');
INSERT INTO `proyecto` (`id_proyecto`, `nombre_proyecto`, `descripcion`, `imagen`, `fecha_inicio`, `fecha_fin`, `estado_proyecto`, `proyecto_terminado`) VALUES(7, 'Proyecto 7', 'Descripción del Proyecto 7', 'https://www.esan.edu.pe/conexion/actualidad/2017/10/26/1500x844_portafolio_proyectos.jpg', '2021-06-02', '2021-06-03', b'1', b'0');
INSERT INTO `proyecto` (`id_proyecto`, `nombre_proyecto`, `descripcion`, `imagen`, `fecha_inicio`, `fecha_fin`, `estado_proyecto`, `proyecto_terminado`) VALUES(8, 'Proyecto 8', 'Descripción del Proyecto 8', 'https://www.esan.edu.pe/conexion/actualidad/2017/10/26/1500x844_portafolio_proyectos.jpg', '2021-06-02', '2021-06-03', b'1', b'0');
INSERT INTO `proyecto` (`id_proyecto`, `nombre_proyecto`, `descripcion`, `imagen`, `fecha_inicio`, `fecha_fin`, `estado_proyecto`, `proyecto_terminado`) VALUES(9, 'Proyecto 9', 'Descripción del Proyecto 9', 'https://www.esan.edu.pe/conexion/actualidad/2017/10/26/1500x844_portafolio_proyectos.jpg', '2021-06-02', '2021-06-03', b'1', b'0');
INSERT INTO `proyecto` (`id_proyecto`, `nombre_proyecto`, `descripcion`, `imagen`, `fecha_inicio`, `fecha_fin`, `estado_proyecto`, `proyecto_terminado`) VALUES(10, 'Proyecto 10', 'Descripción del Proyecto 10', 'https://www.esan.edu.pe/conexion/actualidad/2017/10/26/1500x844_portafolio_proyectos.jpg', '2021-06-02', '2021-06-03', b'1', b'0');
INSERT INTO `proyecto` (`id_proyecto`, `nombre_proyecto`, `descripcion`, `imagen`, `fecha_inicio`, `fecha_fin`, `estado_proyecto`, `proyecto_terminado`) VALUES(11, 'Proyecto 11', 'Descripción del Proyecto 11', 'https://www.esan.edu.pe/conexion/actualidad/2017/10/26/1500x844_portafolio_proyectos.jpg', '2021-06-02', '2021-06-03', b'1', b'0');
INSERT INTO `proyecto` (`id_proyecto`, `nombre_proyecto`, `descripcion`, `imagen`, `fecha_inicio`, `fecha_fin`, `estado_proyecto`, `proyecto_terminado`) VALUES(12, 'Proyecto 12', 'Descripción del Proyecto 12', 'https://www.esan.edu.pe/conexion/actualidad/2017/10/26/1500x844_portafolio_proyectos.jpg', '2021-06-02', '2021-06-03', b'1', b'0');
INSERT INTO `proyecto` (`id_proyecto`, `nombre_proyecto`, `descripcion`, `imagen`, `fecha_inicio`, `fecha_fin`, `estado_proyecto`, `proyecto_terminado`) VALUES(13, 'Proyecto 13', 'Descripción del Proyecto 13', 'https://www.esan.edu.pe/conexion/actualidad/2017/10/26/1500x844_portafolio_proyectos.jpg', '2021-06-02', '2021-06-03', b'1', b'0');
INSERT INTO `proyecto` (`id_proyecto`, `nombre_proyecto`, `descripcion`, `imagen`, `fecha_inicio`, `fecha_fin`, `estado_proyecto`, `proyecto_terminado`) VALUES(14, 'Proyecto 14', 'Descripción del Proyecto 14', 'https://www.esan.edu.pe/conexion/actualidad/2017/10/26/1500x844_portafolio_proyectos.jpg', '2021-06-02', '2021-06-03', b'1', b'0');
INSERT INTO `proyecto` (`id_proyecto`, `nombre_proyecto`, `descripcion`, `imagen`, `fecha_inicio`, `fecha_fin`, `estado_proyecto`, `proyecto_terminado`) VALUES(15, 'Proyecto 15', 'Descripción del Proyecto 15', 'https://www.esan.edu.pe/conexion/actualidad/2017/10/26/1500x844_portafolio_proyectos.jpg', '2021-06-02', '2021-06-03', b'1', b'0');
INSERT INTO `proyecto` (`id_proyecto`, `nombre_proyecto`, `descripcion`, `imagen`, `fecha_inicio`, `fecha_fin`, `estado_proyecto`, `proyecto_terminado`) VALUES(16, 'Proyecto 16', 'Descripción del Proyecto 16', 'https://www.esan.edu.pe/conexion/actualidad/2017/10/26/1500x844_portafolio_proyectos.jpg', '2021-06-02', '2021-06-03', b'1', b'0');
INSERT INTO `proyecto` (`id_proyecto`, `nombre_proyecto`, `descripcion`, `imagen`, `fecha_inicio`, `fecha_fin`, `estado_proyecto`, `proyecto_terminado`) VALUES(17, 'Proyecto 17', 'Descripción del Proyecto 17', 'https://www.esan.edu.pe/conexion/actualidad/2017/10/26/1500x844_portafolio_proyectos.jpg', '2021-06-02', '2021-06-03', b'1', b'0');
INSERT INTO `proyecto` (`id_proyecto`, `nombre_proyecto`, `descripcion`, `imagen`, `fecha_inicio`, `fecha_fin`, `estado_proyecto`, `proyecto_terminado`) VALUES(18, 'Proyecto 18', 'Descripción del Proyecto 18', 'https://www.esan.edu.pe/conexion/actualidad/2017/10/26/1500x844_portafolio_proyectos.jpg', '2021-06-02', '2021-06-03', b'1', b'0');
INSERT INTO `proyecto` (`id_proyecto`, `nombre_proyecto`, `descripcion`, `imagen`, `fecha_inicio`, `fecha_fin`, `estado_proyecto`, `proyecto_terminado`) VALUES(19, 'Proyecto 19', 'Descripción del Proyecto 19', 'https://www.esan.edu.pe/conexion/actualidad/2017/10/26/1500x844_portafolio_proyectos.jpg', '2021-06-02', '2021-06-03', b'1', b'0');
INSERT INTO `proyecto` (`id_proyecto`, `nombre_proyecto`, `descripcion`, `imagen`, `fecha_inicio`, `fecha_fin`, `estado_proyecto`, `proyecto_terminado`) VALUES(20, 'Proyecto 20', 'Descripción del Proyecto 20', 'https://www.esan.edu.pe/conexion/actualidad/2017/10/26/1500x844_portafolio_proyectos.jpg', '2021-06-02', '2021-06-03', b'1', b'0');
INSERT INTO `proyecto` (`id_proyecto`, `nombre_proyecto`, `descripcion`, `imagen`, `fecha_inicio`, `fecha_fin`, `estado_proyecto`, `proyecto_terminado`) VALUES(21, 'Proyecto 21', 'Descripción del Proyecto 21', 'https://www.esan.edu.pe/conexion/actualidad/2017/10/26/1500x844_portafolio_proyectos.jpg', '2021-06-02', '2021-06-03', b'1', b'0');
INSERT INTO `proyecto` (`id_proyecto`, `nombre_proyecto`, `descripcion`, `imagen`, `fecha_inicio`, `fecha_fin`, `estado_proyecto`, `proyecto_terminado`) VALUES(22, 'Proyecto 22', 'Descripción del Proyecto 22', 'https://www.esan.edu.pe/conexion/actualidad/2017/10/26/1500x844_portafolio_proyectos.jpg', '2021-06-02', '2021-06-03', b'1', b'0');
INSERT INTO `proyecto` (`id_proyecto`, `nombre_proyecto`, `descripcion`, `imagen`, `fecha_inicio`, `fecha_fin`, `estado_proyecto`, `proyecto_terminado`) VALUES(23, 'Proyecto 23', 'Descripción del Proyecto 23', 'https://www.esan.edu.pe/conexion/actualidad/2017/10/26/1500x844_portafolio_proyectos.jpg', '2021-06-02', '2021-06-03', b'1', b'0');
INSERT INTO `proyecto` (`id_proyecto`, `nombre_proyecto`, `descripcion`, `imagen`, `fecha_inicio`, `fecha_fin`, `estado_proyecto`, `proyecto_terminado`) VALUES(24, 'Proyecto 24', 'Descripción del Proyecto 24', 'https://www.esan.edu.pe/conexion/actualidad/2017/10/26/1500x844_portafolio_proyectos.jpg', '2021-06-02', '2021-06-03', b'1', b'0');
INSERT INTO `proyecto` (`id_proyecto`, `nombre_proyecto`, `descripcion`, `imagen`, `fecha_inicio`, `fecha_fin`, `estado_proyecto`, `proyecto_terminado`) VALUES(25, 'Proyecto 25', 'Descripción del Proyecto 25', 'https://www.esan.edu.pe/conexion/actualidad/2017/10/26/1500x844_portafolio_proyectos.jpg', '2021-06-02', '2021-06-03', b'1', b'0');
INSERT INTO `proyecto` (`id_proyecto`, `nombre_proyecto`, `descripcion`, `imagen`, `fecha_inicio`, `fecha_fin`, `estado_proyecto`, `proyecto_terminado`) VALUES(26, 'Proyecto 26', 'Descripción del Proyecto 26', 'https://www.esan.edu.pe/conexion/actualidad/2017/10/26/1500x844_portafolio_proyectos.jpg', '2021-06-02', '2021-06-03', b'1', b'0');
INSERT INTO `proyecto` (`id_proyecto`, `nombre_proyecto`, `descripcion`, `imagen`, `fecha_inicio`, `fecha_fin`, `estado_proyecto`, `proyecto_terminado`) VALUES(27, 'Proyecto 27', 'Descripción del Proyecto 27', 'https://www.esan.edu.pe/conexion/actualidad/2017/10/26/1500x844_portafolio_proyectos.jpg', '2021-06-02', '2021-06-03', b'1', b'0');
INSERT INTO `proyecto` (`id_proyecto`, `nombre_proyecto`, `descripcion`, `imagen`, `fecha_inicio`, `fecha_fin`, `estado_proyecto`, `proyecto_terminado`) VALUES(28, 'Proyecto 28', 'Descripción del Proyecto 28', 'https://www.esan.edu.pe/conexion/actualidad/2017/10/26/1500x844_portafolio_proyectos.jpg', '2021-06-02', '2021-06-03', b'1', b'0');
INSERT INTO `proyecto` (`id_proyecto`, `nombre_proyecto`, `descripcion`, `imagen`, `fecha_inicio`, `fecha_fin`, `estado_proyecto`, `proyecto_terminado`) VALUES(29, 'Proyecto 29', 'Descripción del Proyecto 29', 'https://www.esan.edu.pe/conexion/actualidad/2017/10/26/1500x844_portafolio_proyectos.jpg', '2021-06-02', '2021-06-03', b'1', b'0');
INSERT INTO `proyecto` (`id_proyecto`, `nombre_proyecto`, `descripcion`, `imagen`, `fecha_inicio`, `fecha_fin`, `estado_proyecto`, `proyecto_terminado`) VALUES(30, 'Proyecto 30', 'Descripción del Proyecto 30', 'https://www.esan.edu.pe/conexion/actualidad/2017/10/26/1500x844_portafolio_proyectos.jpg', '2021-06-02', '2021-06-03', b'1', b'0');
INSERT INTO `proyecto` (`id_proyecto`, `nombre_proyecto`, `descripcion`, `imagen`, `fecha_inicio`, `fecha_fin`, `estado_proyecto`, `proyecto_terminado`) VALUES(31, 'Proyecto 31', 'Descripción del Proyecto 31', 'https://www.esan.edu.pe/conexion/actualidad/2017/10/26/1500x844_portafolio_proyectos.jpg', '2021-06-02', '2021-06-03', b'1', b'0');
INSERT INTO `proyecto` (`id_proyecto`, `nombre_proyecto`, `descripcion`, `imagen`, `fecha_inicio`, `fecha_fin`, `estado_proyecto`, `proyecto_terminado`) VALUES(32, 'Proyecto 32', 'Descripción del Proyecto 32', 'https://www.esan.edu.pe/conexion/actualidad/2017/10/26/1500x844_portafolio_proyectos.jpg', '2021-06-02', '2021-06-03', b'1', b'0');
INSERT INTO `proyecto` (`id_proyecto`, `nombre_proyecto`, `descripcion`, `imagen`, `fecha_inicio`, `fecha_fin`, `estado_proyecto`, `proyecto_terminado`) VALUES(33, 'Proyecto 33', 'Descripción del Proyecto 33', 'https://www.esan.edu.pe/conexion/actualidad/2017/10/26/1500x844_portafolio_proyectos.jpg', '2021-06-02', '2021-06-03', b'1', b'0');
INSERT INTO `proyecto` (`id_proyecto`, `nombre_proyecto`, `descripcion`, `imagen`, `fecha_inicio`, `fecha_fin`, `estado_proyecto`, `proyecto_terminado`) VALUES(34, 'Proyecto 34', 'Descripción del Proyecto 34', 'https://www.esan.edu.pe/conexion/actualidad/2017/10/26/1500x844_portafolio_proyectos.jpg', '2021-06-02', '2021-06-03', b'1', b'0');
INSERT INTO `proyecto` (`id_proyecto`, `nombre_proyecto`, `descripcion`, `imagen`, `fecha_inicio`, `fecha_fin`, `estado_proyecto`, `proyecto_terminado`) VALUES(35, 'Proyecto 35', 'Descripción del Proyecto 35', 'https://www.esan.edu.pe/conexion/actualidad/2017/10/26/1500x844_portafolio_proyectos.jpg', '2021-06-02', '2021-06-03', b'1', b'0');
INSERT INTO `proyecto` (`id_proyecto`, `nombre_proyecto`, `descripcion`, `imagen`, `fecha_inicio`, `fecha_fin`, `estado_proyecto`, `proyecto_terminado`) VALUES(36, 'Proyecto 36', 'Descripción del Proyecto 36', 'https://www.esan.edu.pe/conexion/actualidad/2017/10/26/1500x844_portafolio_proyectos.jpg', '2021-06-02', '2021-06-03', b'1', b'0');
INSERT INTO `proyecto` (`id_proyecto`, `nombre_proyecto`, `descripcion`, `imagen`, `fecha_inicio`, `fecha_fin`, `estado_proyecto`, `proyecto_terminado`) VALUES(37, 'Proyecto 37', 'Descripción del Proyecto 37', 'https://www.esan.edu.pe/conexion/actualidad/2017/10/26/1500x844_portafolio_proyectos.jpg', '2021-06-02', '2021-06-03', b'1', b'0');
INSERT INTO `proyecto` (`id_proyecto`, `nombre_proyecto`, `descripcion`, `imagen`, `fecha_inicio`, `fecha_fin`, `estado_proyecto`, `proyecto_terminado`) VALUES(38, 'Proyecto 38', 'Descripción del Proyecto 38', 'https://www.esan.edu.pe/conexion/actualidad/2017/10/26/1500x844_portafolio_proyectos.jpg', '2021-06-02', '2021-06-03', b'1', b'0');
INSERT INTO `proyecto` (`id_proyecto`, `nombre_proyecto`, `descripcion`, `imagen`, `fecha_inicio`, `fecha_fin`, `estado_proyecto`, `proyecto_terminado`) VALUES(39, 'Proyecto 39', 'Descripción del Proyecto 39', 'https://www.esan.edu.pe/conexion/actualidad/2017/10/26/1500x844_portafolio_proyectos.jpg', '2021-06-02', '2021-06-03', b'1', b'0');
INSERT INTO `proyecto` (`id_proyecto`, `nombre_proyecto`, `descripcion`, `imagen`, `fecha_inicio`, `fecha_fin`, `estado_proyecto`, `proyecto_terminado`) VALUES(40, 'Proyecto 40', 'Descripción del Proyecto 40', 'https://www.esan.edu.pe/conexion/actualidad/2017/10/26/1500x844_portafolio_proyectos.jpg', '2021-06-02', '2021-06-03', b'1', b'0');
INSERT INTO `proyecto` (`id_proyecto`, `nombre_proyecto`, `descripcion`, `imagen`, `fecha_inicio`, `fecha_fin`, `estado_proyecto`, `proyecto_terminado`) VALUES(41, 'Proyecto 41', 'Descripción del Proyecto 41', 'https://www.esan.edu.pe/conexion/actualidad/2017/10/26/1500x844_portafolio_proyectos.jpg', '2021-06-02', '2021-06-03', b'1', b'0');
INSERT INTO `proyecto` (`id_proyecto`, `nombre_proyecto`, `descripcion`, `imagen`, `fecha_inicio`, `fecha_fin`, `estado_proyecto`, `proyecto_terminado`) VALUES(42, 'Proyecto 42', 'Descripción del Proyecto 42', 'https://www.esan.edu.pe/conexion/actualidad/2017/10/26/1500x844_portafolio_proyectos.jpg', '2021-06-02', '2021-06-03', b'1', b'0');
INSERT INTO `proyecto` (`id_proyecto`, `nombre_proyecto`, `descripcion`, `imagen`, `fecha_inicio`, `fecha_fin`, `estado_proyecto`, `proyecto_terminado`) VALUES(43, 'Proyecto 43', 'Descripción del Proyecto 43', 'https://www.esan.edu.pe/conexion/actualidad/2017/10/26/1500x844_portafolio_proyectos.jpg', '2021-06-02', '2021-06-03', b'1', b'0');
INSERT INTO `proyecto` (`id_proyecto`, `nombre_proyecto`, `descripcion`, `imagen`, `fecha_inicio`, `fecha_fin`, `estado_proyecto`, `proyecto_terminado`) VALUES(44, 'Proyecto 44', 'Descripción del Proyecto 44', 'https://www.esan.edu.pe/conexion/actualidad/2017/10/26/1500x844_portafolio_proyectos.jpg', '2021-06-02', '2021-06-03', b'1', b'0');
INSERT INTO `proyecto` (`id_proyecto`, `nombre_proyecto`, `descripcion`, `imagen`, `fecha_inicio`, `fecha_fin`, `estado_proyecto`, `proyecto_terminado`) VALUES(45, 'Proyecto 45', 'Descripción del Proyecto 45', 'https://www.esan.edu.pe/conexion/actualidad/2017/10/26/1500x844_portafolio_proyectos.jpg', '2021-06-02', '2021-06-03', b'1', b'0');
INSERT INTO `proyecto` (`id_proyecto`, `nombre_proyecto`, `descripcion`, `imagen`, `fecha_inicio`, `fecha_fin`, `estado_proyecto`, `proyecto_terminado`) VALUES(46, 'Proyecto 46', 'Descripción del Proyecto 46', 'https://www.esan.edu.pe/conexion/actualidad/2017/10/26/1500x844_portafolio_proyectos.jpg', '2021-06-02', '2021-06-03', b'1', b'0');
INSERT INTO `proyecto` (`id_proyecto`, `nombre_proyecto`, `descripcion`, `imagen`, `fecha_inicio`, `fecha_fin`, `estado_proyecto`, `proyecto_terminado`) VALUES(47, 'Proyecto 47', 'Descripción del Proyecto 47', 'https://www.esan.edu.pe/conexion/actualidad/2017/10/26/1500x844_portafolio_proyectos.jpg', '2021-06-02', '2021-06-03', b'1', b'0');
INSERT INTO `proyecto` (`id_proyecto`, `nombre_proyecto`, `descripcion`, `imagen`, `fecha_inicio`, `fecha_fin`, `estado_proyecto`, `proyecto_terminado`) VALUES(48, 'Proyecto 48', 'Descripción del Proyecto 48', 'https://www.esan.edu.pe/conexion/actualidad/2017/10/26/1500x844_portafolio_proyectos.jpg', '2021-06-02', '2021-06-03', b'1', b'0');
INSERT INTO `proyecto` (`id_proyecto`, `nombre_proyecto`, `descripcion`, `imagen`, `fecha_inicio`, `fecha_fin`, `estado_proyecto`, `proyecto_terminado`) VALUES(49, 'Proyecto 49', 'Descripción del Proyecto 49', 'https://www.esan.edu.pe/conexion/actualidad/2017/10/26/1500x844_portafolio_proyectos.jpg', '2021-06-02', '2021-06-03', b'1', b'0');
INSERT INTO `proyecto` (`id_proyecto`, `nombre_proyecto`, `descripcion`, `imagen`, `fecha_inicio`, `fecha_fin`, `estado_proyecto`, `proyecto_terminado`) VALUES(50, 'Proyecto 50', 'Descripción del Proyecto 50', 'https://www.esan.edu.pe/conexion/actualidad/2017/10/26/1500x844_portafolio_proyectos.jpg', '2021-06-02', '2021-06-03', b'1', b'0');

INSERT INTO `iteracion` (`id_iteracion`, `id_proyecto`, `id_capacidad`, `num_iteracion`, `descripcion`, `fecha_inicio`, `fecha_fin`, `estado_iteracion`, `iteracion_terminada`, `total_min_real`, `total_min_maximo`) VALUES(1, 1, 1, 1, 'Descipcion de la iteracion 1', '2021-01-01', '2021-02-01', b'1',b'0', 1000, 1500);
INSERT INTO `iteracion` (`id_iteracion`, `id_proyecto`, `id_capacidad`, `num_iteracion`, `descripcion`, `fecha_inicio`, `fecha_fin`, `estado_iteracion`, `iteracion_terminada`, `total_min_real`, `total_min_maximo`) VALUES(2, 2, 1, 2, 'Descipcion de la iteracion 2', '2021-01-01', '2021-02-01', b'1',b'0', 2000, 2500);
INSERT INTO `iteracion` (`id_iteracion`, `id_proyecto`, `id_capacidad`, `num_iteracion`, `descripcion`, `fecha_inicio`, `fecha_fin`, `estado_iteracion`, `iteracion_terminada`, `total_min_real`, `total_min_maximo`) VALUES(3, 3, 1, 3, 'Descipcion de la iteracion 3', '2021-01-01', '2021-02-01', b'1',b'0', 3000, 3500);
INSERT INTO `iteracion` (`id_iteracion`, `id_proyecto`, `id_capacidad`, `num_iteracion`, `descripcion`, `fecha_inicio`, `fecha_fin`, `estado_iteracion`, `iteracion_terminada`, `total_min_real`, `total_min_maximo`) VALUES(4, 4, 1, 4, 'Descipcion de la iteracion 4', '2021-01-01', '2021-02-01', b'1',b'0', 4000, 4500);
INSERT INTO `iteracion` (`id_iteracion`, `id_proyecto`, `id_capacidad`, `num_iteracion`, `descripcion`, `fecha_inicio`, `fecha_fin`, `estado_iteracion`, `iteracion_terminada`, `total_min_real`, `total_min_maximo`) VALUES(5, 5, 1, 5, 'Descipcion de la iteracion 5', '2021-01-01', '2021-02-01', b'1',b'0', 5000, 5500);
INSERT INTO `iteracion` (`id_iteracion`, `id_proyecto`, `id_capacidad`, `num_iteracion`, `descripcion`, `fecha_inicio`, `fecha_fin`, `estado_iteracion`, `iteracion_terminada`, `total_min_real`, `total_min_maximo`) VALUES(6, 6, 2, 6, 'Descipcion de la iteracion 6', '2021-01-01', '2021-02-01', b'1',b'0', 6000, 6500);
INSERT INTO `iteracion` (`id_iteracion`, `id_proyecto`, `id_capacidad`, `num_iteracion`, `descripcion`, `fecha_inicio`, `fecha_fin`, `estado_iteracion`, `iteracion_terminada`, `total_min_real`, `total_min_maximo`) VALUES(7, 7, 2, 7, 'Descipcion de la iteracion 7', '2021-01-01', '2021-02-01', b'1',b'0', 7000, 7500);
INSERT INTO `iteracion` (`id_iteracion`, `id_proyecto`, `id_capacidad`, `num_iteracion`, `descripcion`, `fecha_inicio`, `fecha_fin`, `estado_iteracion`, `iteracion_terminada`, `total_min_real`, `total_min_maximo`) VALUES(8, 8, 2, 8, 'Descipcion de la iteracion 8', '2021-01-01', '2021-02-01', b'1',b'0', 8000, 8500);
INSERT INTO `iteracion` (`id_iteracion`, `id_proyecto`, `id_capacidad`, `num_iteracion`, `descripcion`, `fecha_inicio`, `fecha_fin`, `estado_iteracion`, `iteracion_terminada`, `total_min_real`, `total_min_maximo`) VALUES(9, 9, 2, 9, 'Descipcion de la iteracion 9', '2021-01-01', '2021-02-01', b'1',b'0', 9000, 9500);
INSERT INTO `iteracion` (`id_iteracion`, `id_proyecto`, `id_capacidad`, `num_iteracion`, `descripcion`, `fecha_inicio`, `fecha_fin`, `estado_iteracion`, `iteracion_terminada`, `total_min_real`, `total_min_maximo`) VALUES(10, 10, 2, 10, 'Descipcion de la iteracion 10', '  ', '2021-02-01', b'1',b'0', 10000, 10500);
INSERT INTO `iteracion` (`id_iteracion`, `id_proyecto`, `id_capacidad`, `num_iteracion`, `descripcion`, `fecha_inicio`, `fecha_fin`, `estado_iteracion`, `iteracion_terminada`, `total_min_real`, `total_min_maximo`) VALUES(11, 11, 2, 11, 'Descipcion de la iteracion 11', '2021-01-01', '2021-02-01', b'1',b'0', 11000, 11500);
INSERT INTO `iteracion` (`id_iteracion`, `id_proyecto`, `id_capacidad`, `num_iteracion`, `descripcion`, `fecha_inicio`, `fecha_fin`, `estado_iteracion`, `iteracion_terminada`, `total_min_real`, `total_min_maximo`) VALUES(12, 12, 3, 12, 'Descipcion de la iteracion 12', '2021-01-01', '2021-02-01', b'1',b'0', 12000, 12500);
INSERT INTO `iteracion` (`id_iteracion`, `id_proyecto`, `id_capacidad`, `num_iteracion`, `descripcion`, `fecha_inicio`, `fecha_fin`, `estado_iteracion`, `iteracion_terminada`, `total_min_real`, `total_min_maximo`) VALUES(13, 13, 3, 13, 'Descipcion de la iteracion 13', '2021-01-01', '2021-02-01', b'1',b'0', 13000, 13500);
INSERT INTO `iteracion` (`id_iteracion`, `id_proyecto`, `id_capacidad`, `num_iteracion`, `descripcion`, `fecha_inicio`, `fecha_fin`, `estado_iteracion`, `iteracion_terminada`, `total_min_real`, `total_min_maximo`) VALUES(14, 14, 3, 14, 'Descipcion de la iteracion 14', '2021-01-01', '2021-02-01', b'1',b'0', 14000, 14500);
INSERT INTO `iteracion` (`id_iteracion`, `id_proyecto`, `id_capacidad`, `num_iteracion`, `descripcion`, `fecha_inicio`, `fecha_fin`, `estado_iteracion`, `iteracion_terminada`, `total_min_real`, `total_min_maximo`) VALUES(15, 15, 3, 15, 'Descipcion de la iteracion 15', '2021-01-01', '2021-02-01', b'1',b'0', 15000, 15500);
INSERT INTO `iteracion` (`id_iteracion`, `id_proyecto`, `id_capacidad`, `num_iteracion`, `descripcion`, `fecha_inicio`, `fecha_fin`, `estado_iteracion`, `iteracion_terminada`, `total_min_real`, `total_min_maximo`) VALUES(16, 16, 3, 16, 'Descipcion de la iteracion 16', '2021-01-01', '2021-02-01', b'1',b'0', 16000, 16500);
INSERT INTO `iteracion` (`id_iteracion`, `id_proyecto`, `id_capacidad`, `num_iteracion`, `descripcion`, `fecha_inicio`, `fecha_fin`, `estado_iteracion`, `iteracion_terminada`, `total_min_real`, `total_min_maximo`) VALUES(17, 17, 3, 17, 'Descipcion de la iteracion 17', '2021-01-01', '2021-02-01', b'1',b'0', 17000, 17500);
INSERT INTO `iteracion` (`id_iteracion`, `id_proyecto`, `id_capacidad`, `num_iteracion`, `descripcion`, `fecha_inicio`, `fecha_fin`, `estado_iteracion`, `iteracion_terminada`, `total_min_real`, `total_min_maximo`) VALUES(18, 18, 4, 18, 'Descipcion de la iteracion 18', '2021-01-01', '2021-02-01', b'1',b'0', 18000, 18500);
INSERT INTO `iteracion` (`id_iteracion`, `id_proyecto`, `id_capacidad`, `num_iteracion`, `descripcion`, `fecha_inicio`, `fecha_fin`, `estado_iteracion`, `iteracion_terminada`, `total_min_real`, `total_min_maximo`) VALUES(19, 19, 4, 19, 'Descipcion de la iteracion 19', '2021-01-01', '2021-02-01', b'1',b'0', 19000, 19500);
INSERT INTO `iteracion` (`id_iteracion`, `id_proyecto`, `id_capacidad`, `num_iteracion`, `descripcion`, `fecha_inicio`, `fecha_fin`, `estado_iteracion`, `iteracion_terminada`, `total_min_real`, `total_min_maximo`) VALUES(20, 20, 4, 20, 'Descipcion de la iteracion 20', '2021-01-01', '2021-02-01', b'1',b'0', 20000, 20500);
INSERT INTO `iteracion` (`id_iteracion`, `id_proyecto`, `id_capacidad`, `num_iteracion`, `descripcion`, `fecha_inicio`, `fecha_fin`, `estado_iteracion`, `iteracion_terminada`, `total_min_real`, `total_min_maximo`) VALUES(21, 1, 4, 21, 'Descipcion de la iteracion 21', '2021-01-01', '2021-02-01', b'1',b'0', 21000, 21500);
INSERT INTO `iteracion` (`id_iteracion`, `id_proyecto`, `id_capacidad`, `num_iteracion`, `descripcion`, `fecha_inicio`, `fecha_fin`, `estado_iteracion`, `iteracion_terminada`, `total_min_real`, `total_min_maximo`) VALUES(22, 2, 4, 22, 'Descipcion de la iteracion 22', '2021-01-01', '2021-02-01', b'1',b'0', 22000, 22500);
INSERT INTO `iteracion` (`id_iteracion`, `id_proyecto`, `id_capacidad`, `num_iteracion`, `descripcion`, `fecha_inicio`, `fecha_fin`, `estado_iteracion`, `iteracion_terminada`, `total_min_real`, `total_min_maximo`) VALUES(23, 3, 4, 23, 'Descipcion de la iteracion 23', '2021-01-01', '2021-02-01', b'1',b'0', 23000, 23500);
INSERT INTO `iteracion` (`id_iteracion`, `id_proyecto`, `id_capacidad`, `num_iteracion`, `descripcion`, `fecha_inicio`, `fecha_fin`, `estado_iteracion`, `iteracion_terminada`, `total_min_real`, `total_min_maximo`) VALUES(24, 4, 5, 24, 'Descipcion de la iteracion 24', '2021-01-01', '2021-02-01', b'1',b'0', 24000, 24500);
INSERT INTO `iteracion` (`id_iteracion`, `id_proyecto`, `id_capacidad`, `num_iteracion`, `descripcion`, `fecha_inicio`, `fecha_fin`, `estado_iteracion`, `iteracion_terminada`, `total_min_real`, `total_min_maximo`) VALUES(25, 5, 5, 25, 'Descipcion de la iteracion 25', '2021-01-01', '2021-02-01', b'1',b'0', 25000, 25500);
INSERT INTO `iteracion` (`id_iteracion`, `id_proyecto`, `id_capacidad`, `num_iteracion`, `descripcion`, `fecha_inicio`, `fecha_fin`, `estado_iteracion`, `iteracion_terminada`, `total_min_real`, `total_min_maximo`) VALUES(26, 6, 5, 26, 'Descipcion de la iteracion 26', '2021-01-01', '2021-02-01', b'1',b'0', 26000, 26500);
INSERT INTO `iteracion` (`id_iteracion`, `id_proyecto`, `id_capacidad`, `num_iteracion`, `descripcion`, `fecha_inicio`, `fecha_fin`, `estado_iteracion`, `iteracion_terminada`, `total_min_real`, `total_min_maximo`) VALUES(27, 7, 5, 27, 'Descipcion de la iteracion 27', '2021-01-01', '2021-02-01', b'1',b'0', 27000, 27500);
INSERT INTO `iteracion` (`id_iteracion`, `id_proyecto`, `id_capacidad`, `num_iteracion`, `descripcion`, `fecha_inicio`, `fecha_fin`, `estado_iteracion`, `iteracion_terminada`, `total_min_real`, `total_min_maximo`) VALUES(28, 8, 5, 28, 'Descipcion de la iteracion 28', '2021-01-01', '2021-02-01', b'1',b'0', 28000, 28500);
INSERT INTO `iteracion` (`id_iteracion`, `id_proyecto`, `id_capacidad`, `num_iteracion`, `descripcion`, `fecha_inicio`, `fecha_fin`, `estado_iteracion`, `iteracion_terminada`, `total_min_real`, `total_min_maximo`) VALUES(29, 9, 5, 29, 'Descipcion de la iteracion 29', '2021-01-01', '2021-02-01', b'1',b'0', 29000, 29500);
INSERT INTO `iteracion` (`id_iteracion`, `id_proyecto`, `id_capacidad`, `num_iteracion`, `descripcion`, `fecha_inicio`, `fecha_fin`, `estado_iteracion`, `iteracion_terminada`, `total_min_real`, `total_min_maximo`) VALUES(30, 10, 6, 30, 'Descipcion de la iteracion 30', '2021-01-01', '2021-02-01', b'1',b'0', 30000, 30500);
INSERT INTO `iteracion` (`id_iteracion`, `id_proyecto`, `id_capacidad`, `num_iteracion`, `descripcion`, `fecha_inicio`, `fecha_fin`, `estado_iteracion`, `iteracion_terminada`, `total_min_real`, `total_min_maximo`) VALUES(31, 11, 6, 31, 'Descipcion de la iteracion 31', '2021-01-01', '2021-02-01', b'1',b'0', 31000, 31500);
INSERT INTO `iteracion` (`id_iteracion`, `id_proyecto`, `id_capacidad`, `num_iteracion`, `descripcion`, `fecha_inicio`, `fecha_fin`, `estado_iteracion`, `iteracion_terminada`, `total_min_real`, `total_min_maximo`) VALUES(32, 12, 6, 32, 'Descipcion de la iteracion 32', '2021-01-01', '2021-02-01', b'1',b'0', 32000, 32500);
INSERT INTO `iteracion` (`id_iteracion`, `id_proyecto`, `id_capacidad`, `num_iteracion`, `descripcion`, `fecha_inicio`, `fecha_fin`, `estado_iteracion`, `iteracion_terminada`, `total_min_real`, `total_min_maximo`) VALUES(33, 13, 6, 33, 'Descipcion de la iteracion 33', '2021-01-01', '2021-02-01', b'1',b'0', 33000, 33500);
INSERT INTO `iteracion` (`id_iteracion`, `id_proyecto`, `id_capacidad`, `num_iteracion`, `descripcion`, `fecha_inicio`, `fecha_fin`, `estado_iteracion`, `iteracion_terminada`, `total_min_real`, `total_min_maximo`) VALUES(34, 14, 6, 34, 'Descipcion de la iteracion 34', '2021-01-01', '2021-02-01', b'1',b'0', 34000, 34500);
INSERT INTO `iteracion` (`id_iteracion`, `id_proyecto`, `id_capacidad`, `num_iteracion`, `descripcion`, `fecha_inicio`, `fecha_fin`, `estado_iteracion`, `iteracion_terminada`, `total_min_real`, `total_min_maximo`) VALUES(35, 15, 6, 35, 'Descipcion de la iteracion 35', '2021-01-01', '2021-02-01', b'1',b'0', 35000, 35500);
INSERT INTO `iteracion` (`id_iteracion`, `id_proyecto`, `id_capacidad`, `num_iteracion`, `descripcion`, `fecha_inicio`, `fecha_fin`, `estado_iteracion`, `iteracion_terminada`, `total_min_real`, `total_min_maximo`) VALUES(36, 16, 7, 36, 'Descipcion de la iteracion 36', '2021-01-01', '2021-02-01', b'1',b'0', 36000, 36500);
INSERT INTO `iteracion` (`id_iteracion`, `id_proyecto`, `id_capacidad`, `num_iteracion`, `descripcion`, `fecha_inicio`, `fecha_fin`, `estado_iteracion`, `iteracion_terminada`, `total_min_real`, `total_min_maximo`) VALUES(37, 17, 7, 37, 'Descipcion de la iteracion 37', '2021-01-01', '2021-02-01', b'1',b'0', 37000, 37500);
INSERT INTO `iteracion` (`id_iteracion`, `id_proyecto`, `id_capacidad`, `num_iteracion`, `descripcion`, `fecha_inicio`, `fecha_fin`, `estado_iteracion`, `iteracion_terminada`, `total_min_real`, `total_min_maximo`) VALUES(38, 18, 7, 38, 'Descipcion de la iteracion 38', '2021-01-01', '2021-02-01', b'1',b'0', 38000, 38500);
INSERT INTO `iteracion` (`id_iteracion`, `id_proyecto`, `id_capacidad`, `num_iteracion`, `descripcion`, `fecha_inicio`, `fecha_fin`, `estado_iteracion`, `iteracion_terminada`, `total_min_real`, `total_min_maximo`) VALUES(39, 19, 7, 39, 'Descipcion de la iteracion 39', '2021-01-01', '2021-02-01', b'1',b'0', 39000, 39500);
INSERT INTO `iteracion` (`id_iteracion`, `id_proyecto`, `id_capacidad`, `num_iteracion`, `descripcion`, `fecha_inicio`, `fecha_fin`, `estado_iteracion`, `iteracion_terminada`, `total_min_real`, `total_min_maximo`) VALUES(40, 20, 7, 40, 'Descipcion de la iteracion 40', '2021-01-01', '2021-02-01', b'1',b'0', 40000, 40500);
INSERT INTO `iteracion` (`id_iteracion`, `id_proyecto`, `id_capacidad`, `num_iteracion`, `descripcion`, `fecha_inicio`, `fecha_fin`, `estado_iteracion`, `iteracion_terminada`, `total_min_real`, `total_min_maximo`) VALUES(41, 1, 7, 41, 'Descipcion de la iteracion 41', '2021-01-01', '2021-02-01', b'1',b'0', 41000, 41500);
INSERT INTO `iteracion` (`id_iteracion`, `id_proyecto`, `id_capacidad`, `num_iteracion`, `descripcion`, `fecha_inicio`, `fecha_fin`, `estado_iteracion`, `iteracion_terminada`, `total_min_real`, `total_min_maximo`) VALUES(42, 2, 8, 42, 'Descipcion de la iteracion 42', '2021-01-01', '2021-02-01', b'1',b'0', 42000, 42500);
INSERT INTO `iteracion` (`id_iteracion`, `id_proyecto`, `id_capacidad`, `num_iteracion`, `descripcion`, `fecha_inicio`, `fecha_fin`, `estado_iteracion`, `iteracion_terminada`, `total_min_real`, `total_min_maximo`) VALUES(43, 3, 8, 43, 'Descipcion de la iteracion 43', '2021-01-01', '2021-02-01', b'1',b'0', 43000, 43500);
INSERT INTO `iteracion` (`id_iteracion`, `id_proyecto`, `id_capacidad`, `num_iteracion`, `descripcion`, `fecha_inicio`, `fecha_fin`, `estado_iteracion`, `iteracion_terminada`, `total_min_real`, `total_min_maximo`) VALUES(44, 4, 8, 44, 'Descipcion de la iteracion 44', '2021-01-01', '2021-02-01', b'1',b'0', 44000, 44500);
INSERT INTO `iteracion` (`id_iteracion`, `id_proyecto`, `id_capacidad`, `num_iteracion`, `descripcion`, `fecha_inicio`, `fecha_fin`, `estado_iteracion`, `iteracion_terminada`, `total_min_real`, `total_min_maximo`) VALUES(45, 5, 8, 45, 'Descipcion de la iteracion 45', '2021-01-01', '2021-02-01', b'1',b'0', 45000, 45500);
INSERT INTO `iteracion` (`id_iteracion`, `id_proyecto`, `id_capacidad`, `num_iteracion`, `descripcion`, `fecha_inicio`, `fecha_fin`, `estado_iteracion`, `iteracion_terminada`, `total_min_real`, `total_min_maximo`) VALUES(46, 6, 8, 46, 'Descipcion de la iteracion 46', '2021-01-01', '2021-02-01', b'1',b'0', 46000, 46500);
INSERT INTO `iteracion` (`id_iteracion`, `id_proyecto`, `id_capacidad`, `num_iteracion`, `descripcion`, `fecha_inicio`, `fecha_fin`, `estado_iteracion`, `iteracion_terminada`, `total_min_real`, `total_min_maximo`) VALUES(47, 7, 8, 47, 'Descipcion de la iteracion 47', '2021-01-01', '2021-02-01', b'1',b'0', 47000, 47500);
INSERT INTO `iteracion` (`id_iteracion`, `id_proyecto`, `id_capacidad`, `num_iteracion`, `descripcion`, `fecha_inicio`, `fecha_fin`, `estado_iteracion`, `iteracion_terminada`, `total_min_real`, `total_min_maximo`) VALUES(48, 8, 9, 48, 'Descipcion de la iteracion 48', '2021-01-01', '2021-02-01', b'1',b'0', 48000, 48500);
INSERT INTO `iteracion` (`id_iteracion`, `id_proyecto`, `id_capacidad`, `num_iteracion`, `descripcion`, `fecha_inicio`, `fecha_fin`, `estado_iteracion`, `iteracion_terminada`, `total_min_real`, `total_min_maximo`) VALUES(49, 9, 9, 49, 'Descipcion de la iteracion 49', '2021-01-01', '2021-02-01', b'1',b'0', 49000, 49500);
INSERT INTO `iteracion` (`id_iteracion`, `id_proyecto`, `id_capacidad`, `num_iteracion`, `descripcion`, `fecha_inicio`, `fecha_fin`, `estado_iteracion`, `iteracion_terminada`, `total_min_real`, `total_min_maximo`) VALUES(50, 10, 9, 50, 'Descipcion de la iteracion 50', '2021-01-01', '2021-02-01', b'1',b'0', 50000, 50500);

INSERT INTO `departamento` (`id_departamento`, `nombre_departamento`) VALUES(1, 'Finanzas');
INSERT INTO `departamento` (`id_departamento`, `nombre_departamento`) VALUES(2, 'Mercadotecnia');
INSERT INTO `departamento` (`id_departamento`, `nombre_departamento`) VALUES(3, 'Produccion ');
INSERT INTO `departamento` (`id_departamento`, `nombre_departamento`) VALUES(4, 'Educacion');
INSERT INTO `departamento` (`id_departamento`, `nombre_departamento`) VALUES(5, 'Recursos');
INSERT INTO `departamento` (`id_departamento`, `nombre_departamento`) VALUES(6, 'Vision');
INSERT INTO `departamento` (`id_departamento`, `nombre_departamento`) VALUES(7, 'Desarrollo');
INSERT INTO `departamento` (`id_departamento`, `nombre_departamento`) VALUES(8, 'Liderazgo');
INSERT INTO `departamento` (`id_departamento`, `nombre_departamento`) VALUES(9, 'Tareas');
INSERT INTO `departamento` (`id_departamento`, `nombre_departamento`) VALUES(10, 'Natacion');
INSERT INTO `departamento` (`id_departamento`, `nombre_departamento`) VALUES(11, 'Esgrima');
INSERT INTO `departamento` (`id_departamento`, `nombre_departamento`) VALUES(12, 'Papeleo');
INSERT INTO `departamento` (`id_departamento`, `nombre_departamento`) VALUES(13, 'Apuestas');
INSERT INTO `departamento` (`id_departamento`, `nombre_departamento`) VALUES(14, 'Bolsa');
INSERT INTO `departamento` (`id_departamento`, `nombre_departamento`) VALUES(15, 'Hojas');
INSERT INTO `departamento` (`id_departamento`, `nombre_departamento`) VALUES(16, 'Investigacion');
INSERT INTO `departamento` (`id_departamento`, `nombre_departamento`) VALUES(17, 'Usos');
INSERT INTO `departamento` (`id_departamento`, `nombre_departamento`) VALUES(18, 'Computacion');
INSERT INTO `departamento` (`id_departamento`, `nombre_departamento`) VALUES(19, 'Tiempo');
INSERT INTO `departamento` (`id_departamento`, `nombre_departamento`) VALUES(20, 'Dinero');
INSERT INTO `departamento` (`id_departamento`, `nombre_departamento`) VALUES(21, 'Viajes');

INSERT INTO `proyecto_departamento` (`id_proyecto`, `id_departamento`) VALUES(1, 1);
INSERT INTO `proyecto_departamento` (`id_proyecto`, `id_departamento`) VALUES(2, 2);
INSERT INTO `proyecto_departamento` (`id_proyecto`, `id_departamento`) VALUES(3, 3);
INSERT INTO `proyecto_departamento` (`id_proyecto`, `id_departamento`) VALUES(4, 4);
INSERT INTO `proyecto_departamento` (`id_proyecto`, `id_departamento`) VALUES(5, 5);
INSERT INTO `proyecto_departamento` (`id_proyecto`, `id_departamento`) VALUES(6, 6);
INSERT INTO `proyecto_departamento` (`id_proyecto`, `id_departamento`) VALUES(7, 7);
INSERT INTO `proyecto_departamento` (`id_proyecto`, `id_departamento`) VALUES(8, 8);
INSERT INTO `proyecto_departamento` (`id_proyecto`, `id_departamento`) VALUES(9, 9);
INSERT INTO `proyecto_departamento` (`id_proyecto`, `id_departamento`) VALUES(10, 10);
INSERT INTO `proyecto_departamento` (`id_proyecto`, `id_departamento`) VALUES(11, 8);
INSERT INTO `proyecto_departamento` (`id_proyecto`, `id_departamento`) VALUES(12, 9);
INSERT INTO `proyecto_departamento` (`id_proyecto`, `id_departamento`) VALUES(13, 1);
INSERT INTO `proyecto_departamento` (`id_proyecto`, `id_departamento`) VALUES(14, 2);
INSERT INTO `proyecto_departamento` (`id_proyecto`, `id_departamento`) VALUES(15, 3);
INSERT INTO `proyecto_departamento` (`id_proyecto`, `id_departamento`) VALUES(16, 4);
INSERT INTO `proyecto_departamento` (`id_proyecto`, `id_departamento`) VALUES(17, 5);
INSERT INTO `proyecto_departamento` (`id_proyecto`, `id_departamento`) VALUES(18, 6);
INSERT INTO `proyecto_departamento` (`id_proyecto`, `id_departamento`) VALUES(19, 7);
INSERT INTO `proyecto_departamento` (`id_proyecto`, `id_departamento`) VALUES(20, 17);
INSERT INTO `proyecto_departamento` (`id_proyecto`, `id_departamento`) VALUES(21, 18);
INSERT INTO `proyecto_departamento` (`id_proyecto`, `id_departamento`) VALUES(22, 19);
INSERT INTO `proyecto_departamento` (`id_proyecto`, `id_departamento`) VALUES(23, 20);
INSERT INTO `proyecto_departamento` (`id_proyecto`, `id_departamento`) VALUES(24, 15);
INSERT INTO `proyecto_departamento` (`id_proyecto`, `id_departamento`) VALUES(25, 2);
INSERT INTO `proyecto_departamento` (`id_proyecto`, `id_departamento`) VALUES(26, 3);
INSERT INTO `proyecto_departamento` (`id_proyecto`, `id_departamento`) VALUES(27, 4);
INSERT INTO `proyecto_departamento` (`id_proyecto`, `id_departamento`) VALUES(28, 5);
INSERT INTO `proyecto_departamento` (`id_proyecto`, `id_departamento`) VALUES(29, 6);
INSERT INTO `proyecto_departamento` (`id_proyecto`, `id_departamento`) VALUES(30, 7);
INSERT INTO `proyecto_departamento` (`id_proyecto`, `id_departamento`) VALUES(31, 8);
INSERT INTO `proyecto_departamento` (`id_proyecto`, `id_departamento`) VALUES(32, 9);
INSERT INTO `proyecto_departamento` (`id_proyecto`, `id_departamento`) VALUES(33, 10);
INSERT INTO `proyecto_departamento` (`id_proyecto`, `id_departamento`) VALUES(34, 11);
INSERT INTO `proyecto_departamento` (`id_proyecto`, `id_departamento`) VALUES(35, 12);
INSERT INTO `proyecto_departamento` (`id_proyecto`, `id_departamento`) VALUES(36, 13);
INSERT INTO `proyecto_departamento` (`id_proyecto`, `id_departamento`) VALUES(37, 14);
INSERT INTO `proyecto_departamento` (`id_proyecto`, `id_departamento`) VALUES(38, 15);
INSERT INTO `proyecto_departamento` (`id_proyecto`, `id_departamento`) VALUES(39, 16);
INSERT INTO `proyecto_departamento` (`id_proyecto`, `id_departamento`) VALUES(40, 17);
INSERT INTO `proyecto_departamento` (`id_proyecto`, `id_departamento`) VALUES(41, 18);
INSERT INTO `proyecto_departamento` (`id_proyecto`, `id_departamento`) VALUES(42, 19);
INSERT INTO `proyecto_departamento` (`id_proyecto`, `id_departamento`) VALUES(43, 20);
INSERT INTO `proyecto_departamento` (`id_proyecto`, `id_departamento`) VALUES(44, 15);
INSERT INTO `proyecto_departamento` (`id_proyecto`, `id_departamento`) VALUES(45, 16);
INSERT INTO `proyecto_departamento` (`id_proyecto`, `id_departamento`) VALUES(46, 17);
INSERT INTO `proyecto_departamento` (`id_proyecto`, `id_departamento`) VALUES(47, 18);
INSERT INTO `proyecto_departamento` (`id_proyecto`, `id_departamento`) VALUES(48, 15);
INSERT INTO `proyecto_departamento` (`id_proyecto`, `id_departamento`) VALUES(49, 16);
INSERT INTO `proyecto_departamento` (`id_proyecto`, `id_departamento`) VALUES(50, 17);

INSERT INTO `empleado` (`id_empleado`, `usuario`, `contrasena`, `nombre_empleado`) VALUES(1, 'MSO', '$2a$12$4cN1mST1a8.8fNC9.pnvE.mUSNiG.Ne2lrr0go3/bKXDE2Yo0ZA0e', 'Mariana');
INSERT INTO `empleado` (`id_empleado`, `usuario`, `contrasena`, `nombre_empleado`) VALUES(2, 'juan12', '$2a$12$xmCLv9MvmIoXd8aVNql1Y.gB1zmTREbxzg9byypAFWLHBFiACQuXm', 'Juan');
INSERT INTO `empleado` (`id_empleado`, `usuario`, `contrasena`, `nombre_empleado`) VALUES(3, 'RafitaMessi', '$2a$12$5LW9iStFUld2aOsRoquON.C2bKl5WbyjgoyZK.J9IvsIE7RkkttIu', 'Rafael');
INSERT INTO `empleado` (`id_empleado`, `usuario`, `contrasena`, `nombre_empleado`) VALUES(4, 'JARE', '$2a$12$S8iC16/JILZSvMCrp9i4Z.jkZ/oFrvvPnYTsDRZJMwFqdw.BVQGQK', 'Jor ge');
INSERT INTO `empleado` (`id_empleado`, `usuario`, `contrasena`, `nombre_empleado`) VALUES(5, 'pipe', '$2a$12$08thqIbh8p4E5OzZhvkfJOAPBgc2DYciY7638CrkmxvNnrO/dMQsS', 'Felipe');
INSERT INTO `empleado` (`id_empleado`, `usuario`, `contrasena`, `nombre_empleado`) VALUES(6, 'Piñis', '$2a$12$Ku2DBINPRfTa1e/4C1w4IO4oZFSsaa9RtUkhUNvW975Bxr9pLkoU.', 'Andrea');
INSERT INTO `empleado` (`id_empleado`, `usuario`, `contrasena`, `nombre_empleado`) VALUES(7, 'joakozer', '$2a$12$Y1R8DXStIs5TquHzIJmIheuQzOKerqnZaoES/ozzRf.2LenksuF8G', 'Joaquín');
INSERT INTO `empleado` (`id_empleado`, `usuario`, `contrasena`, `nombre_empleado`) VALUES(8, 'Casas', '$2a$12$DfIFZZhzWrcFWak5EI3NsueTQJQroLP5M7/Tjo1/tVBHeW7XEVspq', 'Armando');
INSERT INTO `empleado` (`id_empleado`, `usuario`, `contrasena`, `nombre_empleado`) VALUES(9, 'gero33', '$2a$12$Vwe8vp24iKhpgqcYfoiyKecLW7GwmsanDiZNsyI9Dsc/nKCl9ua7u', 'Gerónimo');
INSERT INTO `empleado` (`id_empleado`, `usuario`, `contrasena`, `nombre_empleado`) VALUES(10, 'cafe45', '$2a$12$LQofiw.Gv8IhTK/fw2qWkOy0tWVRlWJ0LaC19HyOKeEB20.gYvAEu', 'Benji');
INSERT INTO `empleado` (`id_empleado`, `usuario`, `contrasena`, `nombre_empleado`) VALUES(11, 'Bernardo', '$2a$12$bLg4ZyoBnG4dqUGvNkesnubi3W57dPJRj9xuX76pxfJ05HlvZp63m', 'Bernardo');
INSERT INTO `empleado` (`id_empleado`, `usuario`, `contrasena`, `nombre_empleado`) VALUES(12, 'Mau', '$2a$12$IlszwHPCKxew9Kxm8UZfoe2Pdy9I6.f9YqcZoLu8goTqAxsiftyG.', 'Mauricio');
INSERT INTO `empleado` (`id_empleado`, `usuario`, `contrasena`, `nombre_empleado`) VALUES(13, 'rcortese', '$2a$12$qyMdnA9uol5vhFrQkMhl3ek1V/HUP46f9mYHjDgyTv99drV8jAnLW', 'Ricardo');
INSERT INTO `empleado` (`id_empleado`, `usuario`, `contrasena`, `nombre_empleado`) VALUES(14, 'Lalito4', '$2a$12$TovbtqxcZWrCc8eUCIGoqOx78gN/EEG2/C2x.Gr12SLTDugU2Hgwi', 'Lalo');
INSERT INTO `empleado` (`id_empleado`, `usuario`, `contrasena`, `nombre_empleado`) VALUES(15, 'pperez', '$2a$12$ktcCS/fIPz.KER/L/Xnc4uoBEK7r4CyRCaHAPYioWBu5mGnXu1P1e', 'Pedro');
INSERT INTO `empleado` (`id_empleado`, `usuario`, `contrasena`, `nombre_empleado`) VALUES(16, 'styles', '$2a$12$tE91sZ0wam9Qi49965lD1OrtgBYU6Dnw8lF4CuxVktHe6InYWUhKG', 'Harry');
INSERT INTO `empleado` (`id_empleado`, `usuario`, `contrasena`, `nombre_empleado`) VALUES(17, 'tigre', '$2a$12$/ebGDlN9sXmcVPDUxfpwAuOAOQ0qkLlCkIyAVUAl0/l2d4SERhPdO', 'Toño');
INSERT INTO `empleado` (`id_empleado`, `usuario`, `contrasena`, `nombre_empleado`) VALUES(18, 'pantera', '$2a$12$xUNg1OBIkxuGF1m2zt8qeu1E3yjAj1fGI4tPwG/fJa/h0ATdcaX/y', 'Pancho');
INSERT INTO `empleado` (`id_empleado`, `usuario`, `contrasena`, `nombre_empleado`) VALUES(19, 'Pau', '$2a$12$AFwwlyHFRZV.Df6bTAPZsuLLEkJGga7sQ/oS0zDsPPTrTwgMjYUEy', 'Paulina');
INSERT INTO `empleado` (`id_empleado`, `usuario`, `contrasena`, `nombre_empleado`) VALUES(20, 'Jorge', '$2a$12$Uq0GnJ4E/TikMM8n8zWl5O.JIeBrCkLoK7h48BxKBTFVqrL6d84IS', 'Jorge');
INSERT INTO `empleado` (`id_empleado`, `usuario`, `contrasena`, `nombre_empleado`) VALUES(21, 'Raul', '$2a$12$Sk/OOZKd5Ursy680J8NtW.WgnB83lpvmou1APrTcqW742I6Jb6jum', 'Raúl');
INSERT INTO `empleado` (`id_empleado`, `usuario`, `contrasena`, `nombre_empleado`) VALUES(22, 'Rafa2', '$2a$12$29PJmzM4D/tqYY.5guO4E.7hNNxFS47m3V2PoVncYJY20w25Wer/e', 'NoviaRafa');
INSERT INTO `empleado` (`id_empleado`, `usuario`, `contrasena`, `nombre_empleado`) VALUES(23, 'Joakozer2', '$2a$12$IM91ryFV4KwvUAz.ijlbFejgtk3ddAbnI44yEZ7FnyyvKx9AIzWla', 'NoviaJoak');

INSERT INTO `empleado_iteracion` (`id_empleado`, `id_iteracion`, `horas_semanales`) VALUES(1, 1, 20);
INSERT INTO `empleado_iteracion` (`id_empleado`, `id_iteracion`, `horas_semanales`) VALUES(1, 21, 15);
INSERT INTO `empleado_iteracion` (`id_empleado`, `id_iteracion`, `horas_semanales`) VALUES(2, 2, 10);
INSERT INTO `empleado_iteracion` (`id_empleado`, `id_iteracion`, `horas_semanales`) VALUES(2, 22, 23);
INSERT INTO `empleado_iteracion` (`id_empleado`, `id_iteracion`, `horas_semanales`) VALUES(2, 41, 34);
INSERT INTO `empleado_iteracion` (`id_empleado`, `id_iteracion`, `horas_semanales`) VALUES(3, 3, 15);
INSERT INTO `empleado_iteracion` (`id_empleado`, `id_iteracion`, `horas_semanales`) VALUES(3, 23, 45);
INSERT INTO `empleado_iteracion` (`id_empleado`, `id_iteracion`, `horas_semanales`) VALUES(3, 42, 40);
INSERT INTO `empleado_iteracion` (`id_empleado`, `id_iteracion`, `horas_semanales`) VALUES(4, 4, 19);
INSERT INTO `empleado_iteracion` (`id_empleado`, `id_iteracion`, `horas_semanales`) VALUES(4, 24, 23);
INSERT INTO `empleado_iteracion` (`id_empleado`, `id_iteracion`, `horas_semanales`) VALUES(4, 43, 18);
INSERT INTO `empleado_iteracion` (`id_empleado`, `id_iteracion`, `horas_semanales`) VALUES(5, 5, 18);
INSERT INTO `empleado_iteracion` (`id_empleado`, `id_iteracion`, `horas_semanales`) VALUES(5, 25, 14);
INSERT INTO `empleado_iteracion` (`id_empleado`, `id_iteracion`, `horas_semanales`) VALUES(5, 44, 75);
INSERT INTO `empleado_iteracion` (`id_empleado`, `id_iteracion`, `horas_semanales`) VALUES(6, 6, 13);
INSERT INTO `empleado_iteracion` (`id_empleado`, `id_iteracion`, `horas_semanales`) VALUES(6, 26, 26);
INSERT INTO `empleado_iteracion` (`id_empleado`, `id_iteracion`, `horas_semanales`) VALUES(6, 44, 75);
INSERT INTO `empleado_iteracion` (`id_empleado`, `id_iteracion`, `horas_semanales`) VALUES(6, 45, 31);
INSERT INTO `empleado_iteracion` (`id_empleado`, `id_iteracion`, `horas_semanales`) VALUES(7, 7, 15);
INSERT INTO `empleado_iteracion` (`id_empleado`, `id_iteracion`, `horas_semanales`) VALUES(7, 27, 32);
INSERT INTO `empleado_iteracion` (`id_empleado`, `id_iteracion`, `horas_semanales`) VALUES(7, 46, 16);
INSERT INTO `empleado_iteracion` (`id_empleado`, `id_iteracion`, `horas_semanales`) VALUES(8, 8, 17);
INSERT INTO `empleado_iteracion` (`id_empleado`, `id_iteracion`, `horas_semanales`) VALUES(8, 28, 19);
INSERT INTO `empleado_iteracion` (`id_empleado`, `id_iteracion`, `horas_semanales`) VALUES(8, 47, 9);
INSERT INTO `empleado_iteracion` (`id_empleado`, `id_iteracion`, `horas_semanales`) VALUES(9, 9, 9);
INSERT INTO `empleado_iteracion` (`id_empleado`, `id_iteracion`, `horas_semanales`) VALUES(9, 29, 14);
INSERT INTO `empleado_iteracion` (`id_empleado`, `id_iteracion`, `horas_semanales`) VALUES(9, 48, 27);
INSERT INTO `empleado_iteracion` (`id_empleado`, `id_iteracion`, `horas_semanales`) VALUES(10, 10, 18);
INSERT INTO `empleado_iteracion` (`id_empleado`, `id_iteracion`, `horas_semanales`) VALUES(10, 30, 16);
INSERT INTO `empleado_iteracion` (`id_empleado`, `id_iteracion`, `horas_semanales`) VALUES(10, 49, 25);
INSERT INTO `empleado_iteracion` (`id_empleado`, `id_iteracion`, `horas_semanales`) VALUES(11, 41, 14);
INSERT INTO `empleado_iteracion` (`id_empleado`, `id_iteracion`, `horas_semanales`) VALUES(11, 11, 7);
INSERT INTO `empleado_iteracion` (`id_empleado`, `id_iteracion`, `horas_semanales`) VALUES(11, 31, 17);
INSERT INTO `empleado_iteracion` (`id_empleado`, `id_iteracion`, `horas_semanales`) VALUES(11, 50, 30);
INSERT INTO `empleado_iteracion` (`id_empleado`, `id_iteracion`, `horas_semanales`) VALUES(12, 12, 14);
INSERT INTO `empleado_iteracion` (`id_empleado`, `id_iteracion`, `horas_semanales`) VALUES(12, 32, 12);
INSERT INTO `empleado_iteracion` (`id_empleado`, `id_iteracion`, `horas_semanales`) VALUES(13, 13, 15);
INSERT INTO `empleado_iteracion` (`id_empleado`, `id_iteracion`, `horas_semanales`) VALUES(13, 33, 13);
INSERT INTO `empleado_iteracion` (`id_empleado`, `id_iteracion`, `horas_semanales`) VALUES(14, 14, 13);
INSERT INTO `empleado_iteracion` (`id_empleado`, `id_iteracion`, `horas_semanales`) VALUES(14, 34, 32);
INSERT INTO `empleado_iteracion` (`id_empleado`, `id_iteracion`, `horas_semanales`) VALUES(15, 15, 23);
INSERT INTO `empleado_iteracion` (`id_empleado`, `id_iteracion`, `horas_semanales`) VALUES(15, 35, 35);
INSERT INTO `empleado_iteracion` (`id_empleado`, `id_iteracion`, `horas_semanales`) VALUES(16, 16, 26);
INSERT INTO `empleado_iteracion` (`id_empleado`, `id_iteracion`, `horas_semanales`) VALUES(16, 36, 28);
INSERT INTO `empleado_iteracion` (`id_empleado`, `id_iteracion`, `horas_semanales`) VALUES(17, 17, 12);
INSERT INTO `empleado_iteracion` (`id_empleado`, `id_iteracion`, `horas_semanales`) VALUES(17, 37, 26);
INSERT INTO `empleado_iteracion` (`id_empleado`, `id_iteracion`, `horas_semanales`) VALUES(18, 18, 24);
INSERT INTO `empleado_iteracion` (`id_empleado`, `id_iteracion`, `horas_semanales`) VALUES(18, 38, 32);
INSERT INTO `empleado_iteracion` (`id_empleado`, `id_iteracion`, `horas_semanales`) VALUES(19, 19, 21);
INSERT INTO `empleado_iteracion` (`id_empleado`, `id_iteracion`, `horas_semanales`) VALUES(19, 39, 19);
INSERT INTO `empleado_iteracion` (`id_empleado`, `id_iteracion`, `horas_semanales`) VALUES(20, 20, 14);
INSERT INTO `empleado_iteracion` (`id_empleado`, `id_iteracion`, `horas_semanales`) VALUES(20, 40, 25);
INSERT INTO `empleado_iteracion` (`id_empleado`, `id_iteracion`, `horas_semanales`) VALUES(21, 41, 7);

INSERT INTO `fase` (`id_fase`, `nombre_fase`) VALUES(1, 'Análisis');
INSERT INTO `fase` (`id_fase`, `nombre_fase`) VALUES(2, 'Diseño');
INSERT INTO `fase` (`id_fase`, `nombre_fase`) VALUES(3, 'Implementación');
INSERT INTO `fase` (`id_fase`, `nombre_fase`) VALUES(4, 'Pruebas');
INSERT INTO `fase` (`id_fase`, `nombre_fase`) VALUES(5, 'Fase 5');
INSERT INTO `fase` (`id_fase`, `nombre_fase`) VALUES(6, 'Fase 6');
INSERT INTO `fase` (`id_fase`, `nombre_fase`) VALUES(7, 'Fase 7 ');
INSERT INTO `fase` (`id_fase`, `nombre_fase`) VALUES(8, 'Fase 8');
INSERT INTO `fase` (`id_fase`, `nombre_fase`) VALUES(9, 'Fase 9');
INSERT INTO `fase` (`id_fase`, `nombre_fase`) VALUES(10, 'Fase 10');

INSERT INTO `tarea` (`id_tarea`, `nombre_tarea`) VALUES(0, 'Trabajo fantasma');
INSERT INTO `tarea` (`id_tarea`, `nombre_tarea`) VALUES(1, 'Trabajo 1');
INSERT INTO `tarea` (`id_tarea`, `nombre_tarea`) VALUES(2, 'Trabajo 2');
INSERT INTO `tarea` (`id_tarea`, `nombre_tarea`) VALUES(3, 'Trabajo 3');
INSERT INTO `tarea` (`id_tarea`, `nombre_tarea`) VALUES(4, 'Trabajo 4');
INSERT INTO `tarea` (`id_tarea`, `nombre_tarea`) VALUES(5, 'Trabajo 5');
INSERT INTO `tarea` (`id_tarea`, `nombre_tarea`) VALUES(6, 'Trabajo 6');
INSERT INTO `tarea` (`id_tarea`, `nombre_tarea`) VALUES(7, 'Trabajo 7');
INSERT INTO `tarea` (`id_tarea`, `nombre_tarea`) VALUES(8, 'Trabajo 8');
INSERT INTO `tarea` (`id_tarea`, `nombre_tarea`) VALUES(9, 'Trabajo 9');
INSERT INTO `tarea` (`id_tarea`, `nombre_tarea`) VALUES(10, 'Trabajo 10');
INSERT INTO `tarea` (`id_tarea`, `nombre_tarea`) VALUES(11, 'Trabajo 11');
INSERT INTO `tarea` (`id_tarea`, `nombre_tarea`) VALUES(12, 'Trabajo 12');
INSERT INTO `tarea` (`id_tarea`, `nombre_tarea`) VALUES(13, 'Trabajo 13');
INSERT INTO `tarea` (`id_tarea`, `nombre_tarea`) VALUES(14, 'Trabajo 14');
INSERT INTO `tarea` (`id_tarea`, `nombre_tarea`) VALUES(15, 'Trabajo 15');
INSERT INTO `tarea` (`id_tarea`, `nombre_tarea`) VALUES(16, 'Trabajo 16');
INSERT INTO `tarea` (`id_tarea`, `nombre_tarea`) VALUES(17, 'Trabajo 17');
INSERT INTO `tarea` (`id_tarea`, `nombre_tarea`) VALUES(18, 'Trabajo 18');
INSERT INTO `tarea` (`id_tarea`, `nombre_tarea`) VALUES(19, 'Trabajo 19');
INSERT INTO `tarea` (`id_tarea`, `nombre_tarea`) VALUES(20, 'Trabajo 20');
INSERT INTO `tarea` (`id_tarea`, `nombre_tarea`) VALUES(21, 'Trabajo 21');
INSERT INTO `tarea` (`id_tarea`, `nombre_tarea`) VALUES(22, 'Trabajo 22');
INSERT INTO `tarea` (`id_tarea`, `nombre_tarea`) VALUES(23, 'Trabajo 23');
INSERT INTO `tarea` (`id_tarea`, `nombre_tarea`) VALUES(24, 'Trabajo 24');
INSERT INTO `tarea` (`id_tarea`, `nombre_tarea`) VALUES(25, 'Trabajo 25');
INSERT INTO `tarea` (`id_tarea`, `nombre_tarea`) VALUES(26, 'Trabajo 26');
INSERT INTO `tarea` (`id_tarea`, `nombre_tarea`) VALUES(27, 'Trabajo 27');
INSERT INTO `tarea` (`id_tarea`, `nombre_tarea`) VALUES(28, 'Trabajo 28');
INSERT INTO `tarea` (`id_tarea`, `nombre_tarea`) VALUES(29, 'Trabajo 29');
INSERT INTO `tarea` (`id_tarea`, `nombre_tarea`) VALUES(30, 'Trabajo 30');
INSERT INTO `tarea` (`id_tarea`, `nombre_tarea`) VALUES(31, 'Trabajo 31');
INSERT INTO `tarea` (`id_tarea`, `nombre_tarea`) VALUES(32, 'Trabajo 32');
INSERT INTO `tarea` (`id_tarea`, `nombre_tarea`) VALUES(33, 'Trabajo 33');
INSERT INTO `tarea` (`id_tarea`, `nombre_tarea`) VALUES(34, 'Trabajo 34');
INSERT INTO `tarea` (`id_tarea`, `nombre_tarea`) VALUES(35, 'Trabajo 35');
INSERT INTO `tarea` (`id_tarea`, `nombre_tarea`) VALUES(36, 'Trabajo 36');
INSERT INTO `tarea` (`id_tarea`, `nombre_tarea`) VALUES(37, 'Trabajo 37');
INSERT INTO `tarea` (`id_tarea`, `nombre_tarea`) VALUES(38, 'Trabajo 38');
INSERT INTO `tarea` (`id_tarea`, `nombre_tarea`) VALUES(39, 'Trabajo 39');
INSERT INTO `tarea` (`id_tarea`, `nombre_tarea`) VALUES(40, 'Trabajo 40');
INSERT INTO `tarea` (`id_tarea`, `nombre_tarea`) VALUES(41, 'Trabajo 41');
INSERT INTO `tarea` (`id_tarea`, `nombre_tarea`) VALUES(42, 'Trabajo 42');
INSERT INTO `tarea` (`id_tarea`, `nombre_tarea`) VALUES(43, 'Trabajo 43');
INSERT INTO `tarea` (`id_tarea`, `nombre_tarea`) VALUES(44, 'Trabajo 44');
INSERT INTO `tarea` (`id_tarea`, `nombre_tarea`) VALUES(45, 'Trabajo 45');
INSERT INTO `tarea` (`id_tarea`, `nombre_tarea`) VALUES(46, 'Trabajo 46');
INSERT INTO `tarea` (`id_tarea`, `nombre_tarea`) VALUES(47, 'Trabajo 47');
INSERT INTO `tarea` (`id_tarea`, `nombre_tarea`) VALUES(48, 'Trabajo 48');
INSERT INTO `tarea` (`id_tarea`, `nombre_tarea`) VALUES(49, 'Trabajo 49');
INSERT INTO `tarea` (`id_tarea`, `nombre_tarea`) VALUES(50, 'Trabajo 50');
INSERT INTO `tarea` (`id_tarea`, `nombre_tarea`) VALUES(51, 'Trabajo 51');
INSERT INTO `tarea` (`id_tarea`, `nombre_tarea`) VALUES(52, 'Trabajo 52');

INSERT INTO `proyecto_fase_practica` (`id_proyecto`, `id_fase`, `id_tarea`) VALUES(1, 1, 0);
INSERT INTO `proyecto_fase_practica` (`id_proyecto`, `id_fase`, `id_tarea`) VALUES(1, 1, 1);
INSERT INTO `proyecto_fase_practica` (`id_proyecto`, `id_fase`, `id_tarea`) VALUES(1, 1, 3);
INSERT INTO `proyecto_fase_practica` (`id_proyecto`, `id_fase`, `id_tarea`) VALUES(1, 1, 4);
INSERT INTO `proyecto_fase_practica` (`id_proyecto`, `id_fase`, `id_tarea`) VALUES(1, 2, 0);
INSERT INTO `proyecto_fase_practica` (`id_proyecto`, `id_fase`, `id_tarea`) VALUES(1, 2, 1);
INSERT INTO `proyecto_fase_practica` (`id_proyecto`, `id_fase`, `id_tarea`) VALUES(1, 2, 2);
INSERT INTO `proyecto_fase_practica` (`id_proyecto`, `id_fase`, `id_tarea`) VALUES(1, 2, 5);
INSERT INTO `proyecto_fase_practica` (`id_proyecto`, `id_fase`, `id_tarea`) VALUES(1, 3, 0);
INSERT INTO `proyecto_fase_practica` (`id_proyecto`, `id_fase`, `id_tarea`) VALUES(1, 3, 3);
INSERT INTO `proyecto_fase_practica` (`id_proyecto`, `id_fase`, `id_tarea`) VALUES(1, 4, 0);
INSERT INTO `proyecto_fase_practica` (`id_proyecto`, `id_fase`, `id_tarea`) VALUES(1, 4, 7);
INSERT INTO `proyecto_fase_practica` (`id_proyecto`, `id_fase`, `id_tarea`) VALUES(1, 4, 4);
INSERT INTO `proyecto_fase_practica` (`id_proyecto`, `id_fase`, `id_tarea`) VALUES(2, 1, 0);
INSERT INTO `proyecto_fase_practica` (`id_proyecto`, `id_fase`, `id_tarea`) VALUES(2, 1, 5);
INSERT INTO `proyecto_fase_practica` (`id_proyecto`, `id_fase`, `id_tarea`) VALUES(2, 2, 0);
INSERT INTO `proyecto_fase_practica` (`id_proyecto`, `id_fase`, `id_tarea`) VALUES(2, 2, 6);
INSERT INTO `proyecto_fase_practica` (`id_proyecto`, `id_fase`, `id_tarea`) VALUES(2, 3, 0);
INSERT INTO `proyecto_fase_practica` (`id_proyecto`, `id_fase`, `id_tarea`) VALUES(2, 3, 7);
INSERT INTO `proyecto_fase_practica` (`id_proyecto`, `id_fase`, `id_tarea`) VALUES(2, 4, 0);
INSERT INTO `proyecto_fase_practica` (`id_proyecto`, `id_fase`, `id_tarea`) VALUES(2, 4, 8);
INSERT INTO `proyecto_fase_practica` (`id_proyecto`, `id_fase`, `id_tarea`) VALUES(2, 5, 0);
INSERT INTO `proyecto_fase_practica` (`id_proyecto`, `id_fase`, `id_tarea`) VALUES(2, 5, 9);
INSERT INTO `proyecto_fase_practica` (`id_proyecto`, `id_fase`, `id_tarea`) VALUES(3, 1, 0);
INSERT INTO `proyecto_fase_practica` (`id_proyecto`, `id_fase`, `id_tarea`) VALUES(3, 1, 2);
INSERT INTO `proyecto_fase_practica` (`id_proyecto`, `id_fase`, `id_tarea`) VALUES(3, 2, 0);
INSERT INTO `proyecto_fase_practica` (`id_proyecto`, `id_fase`, `id_tarea`) VALUES(3, 2, 3);
INSERT INTO `proyecto_fase_practica` (`id_proyecto`, `id_fase`, `id_tarea`) VALUES(3, 3, 0);
INSERT INTO `proyecto_fase_practica` (`id_proyecto`, `id_fase`, `id_tarea`) VALUES(3, 3, 4);
INSERT INTO `proyecto_fase_practica` (`id_proyecto`, `id_fase`, `id_tarea`) VALUES(3, 4, 0);
INSERT INTO `proyecto_fase_practica` (`id_proyecto`, `id_fase`, `id_tarea`) VALUES(3, 4, 5);
INSERT INTO `proyecto_fase_practica` (`id_proyecto`, `id_fase`, `id_tarea`) VALUES(4, 1, 0);
INSERT INTO `proyecto_fase_practica` (`id_proyecto`, `id_fase`, `id_tarea`) VALUES(4, 1, 6);
INSERT INTO `proyecto_fase_practica` (`id_proyecto`, `id_fase`, `id_tarea`) VALUES(4, 2, 0);
INSERT INTO `proyecto_fase_practica` (`id_proyecto`, `id_fase`, `id_tarea`) VALUES(4, 2, 7);
INSERT INTO `proyecto_fase_practica` (`id_proyecto`, `id_fase`, `id_tarea`) VALUES(4, 3, 0);
INSERT INTO `proyecto_fase_practica` (`id_proyecto`, `id_fase`, `id_tarea`) VALUES(4, 3, 8);
INSERT INTO `proyecto_fase_practica` (`id_proyecto`, `id_fase`, `id_tarea`) VALUES(4, 4, 0);
INSERT INTO `proyecto_fase_practica` (`id_proyecto`, `id_fase`, `id_tarea`) VALUES(4, 4, 9);
INSERT INTO `proyecto_fase_practica` (`id_proyecto`, `id_fase`, `id_tarea`) VALUES(5, 1, 0);
INSERT INTO `proyecto_fase_practica` (`id_proyecto`, `id_fase`, `id_tarea`) VALUES(5, 1, 10);
INSERT INTO `proyecto_fase_practica` (`id_proyecto`, `id_fase`, `id_tarea`) VALUES(5, 2, 0);
INSERT INTO `proyecto_fase_practica` (`id_proyecto`, `id_fase`, `id_tarea`) VALUES(5, 2, 2);
INSERT INTO `proyecto_fase_practica` (`id_proyecto`, `id_fase`, `id_tarea`) VALUES(5, 3, 0);
INSERT INTO `proyecto_fase_practica` (`id_proyecto`, `id_fase`, `id_tarea`) VALUES(5, 3, 3);
INSERT INTO `proyecto_fase_practica` (`id_proyecto`, `id_fase`, `id_tarea`) VALUES(5, 4, 0);
INSERT INTO `proyecto_fase_practica` (`id_proyecto`, `id_fase`, `id_tarea`) VALUES(5, 4, 13);
INSERT INTO `proyecto_fase_practica` (`id_proyecto`, `id_fase`, `id_tarea`) VALUES(5, 9, 0);
INSERT INTO `proyecto_fase_practica` (`id_proyecto`, `id_fase`, `id_tarea`) VALUES(5, 9, 14);
INSERT INTO `proyecto_fase_practica` (`id_proyecto`, `id_fase`, `id_tarea`) VALUES(6, 1, 0);
INSERT INTO `proyecto_fase_practica` (`id_proyecto`, `id_fase`, `id_tarea`) VALUES(6, 1, 11);
INSERT INTO `proyecto_fase_practica` (`id_proyecto`, `id_fase`, `id_tarea`) VALUES(6, 2, 0);
INSERT INTO `proyecto_fase_practica` (`id_proyecto`, `id_fase`, `id_tarea`) VALUES(6, 2, 10);
INSERT INTO `proyecto_fase_practica` (`id_proyecto`, `id_fase`, `id_tarea`) VALUES(6, 3, 0);
INSERT INTO `proyecto_fase_practica` (`id_proyecto`, `id_fase`, `id_tarea`) VALUES(6, 3, 2);
INSERT INTO `proyecto_fase_practica` (`id_proyecto`, `id_fase`, `id_tarea`) VALUES(6, 4, 0);
INSERT INTO `proyecto_fase_practica` (`id_proyecto`, `id_fase`, `id_tarea`) VALUES(6, 4, 3);
INSERT INTO `proyecto_fase_practica` (`id_proyecto`, `id_fase`, `id_tarea`) VALUES(7, 1, 0);
INSERT INTO `proyecto_fase_practica` (`id_proyecto`, `id_fase`, `id_tarea`) VALUES(7, 1, 3);
INSERT INTO `proyecto_fase_practica` (`id_proyecto`, `id_fase`, `id_tarea`) VALUES(7, 2, 0);
INSERT INTO `proyecto_fase_practica` (`id_proyecto`, `id_fase`, `id_tarea`) VALUES(7, 2, 13);
INSERT INTO `proyecto_fase_practica` (`id_proyecto`, `id_fase`, `id_tarea`) VALUES(7, 3, 0);
INSERT INTO `proyecto_fase_practica` (`id_proyecto`, `id_fase`, `id_tarea`) VALUES(7, 3, 14);
INSERT INTO `proyecto_fase_practica` (`id_proyecto`, `id_fase`, `id_tarea`) VALUES(7, 4, 0);
INSERT INTO `proyecto_fase_practica` (`id_proyecto`, `id_fase`, `id_tarea`) VALUES(7, 4, 6);
INSERT INTO `proyecto_fase_practica` (`id_proyecto`, `id_fase`, `id_tarea`) VALUES(8, 1, 0);
INSERT INTO `proyecto_fase_practica` (`id_proyecto`, `id_fase`, `id_tarea`) VALUES(8, 1, 3);
INSERT INTO `proyecto_fase_practica` (`id_proyecto`, `id_fase`, `id_tarea`) VALUES(8, 2, 0);
INSERT INTO `proyecto_fase_practica` (`id_proyecto`, `id_fase`, `id_tarea`) VALUES(8, 2, 13);
INSERT INTO `proyecto_fase_practica` (`id_proyecto`, `id_fase`, `id_tarea`) VALUES(8, 3, 0);
INSERT INTO `proyecto_fase_practica` (`id_proyecto`, `id_fase`, `id_tarea`) VALUES(8, 3, 14);
INSERT INTO `proyecto_fase_practica` (`id_proyecto`, `id_fase`, `id_tarea`) VALUES(8, 4, 0);
INSERT INTO `proyecto_fase_practica` (`id_proyecto`, `id_fase`, `id_tarea`) VALUES(8, 4, 5);
INSERT INTO `proyecto_fase_practica` (`id_proyecto`, `id_fase`, `id_tarea`) VALUES(9, 1, 0);
INSERT INTO `proyecto_fase_practica` (`id_proyecto`, `id_fase`, `id_tarea`) VALUES(9, 1, 4);
INSERT INTO `proyecto_fase_practica` (`id_proyecto`, `id_fase`, `id_tarea`) VALUES(9, 2, 0);
INSERT INTO `proyecto_fase_practica` (`id_proyecto`, `id_fase`, `id_tarea`) VALUES(9, 2, 13);
INSERT INTO `proyecto_fase_practica` (`id_proyecto`, `id_fase`, `id_tarea`) VALUES(9, 3, 0);
INSERT INTO `proyecto_fase_practica` (`id_proyecto`, `id_fase`, `id_tarea`) VALUES(9, 3, 14);
INSERT INTO `proyecto_fase_practica` (`id_proyecto`, `id_fase`, `id_tarea`) VALUES(9, 4, 0);
INSERT INTO `proyecto_fase_practica` (`id_proyecto`, `id_fase`, `id_tarea`) VALUES(9, 4, 3);
INSERT INTO `proyecto_fase_practica` (`id_proyecto`, `id_fase`, `id_tarea`) VALUES(10, 1, 0);
INSERT INTO `proyecto_fase_practica` (`id_proyecto`, `id_fase`, `id_tarea`) VALUES(10, 1, 13);
INSERT INTO `proyecto_fase_practica` (`id_proyecto`, `id_fase`, `id_tarea`) VALUES(10, 2, 0);
INSERT INTO `proyecto_fase_practica` (`id_proyecto`, `id_fase`, `id_tarea`) VALUES(10, 2, 14);
INSERT INTO `proyecto_fase_practica` (`id_proyecto`, `id_fase`, `id_tarea`) VALUES(10, 3, 2);
INSERT INTO `proyecto_fase_practica` (`id_proyecto`, `id_fase`, `id_tarea`) VALUES(10, 4, 0);
INSERT INTO `proyecto_fase_practica` (`id_proyecto`, `id_fase`, `id_tarea`) VALUES(10, 4, 3);
INSERT INTO `proyecto_fase_practica` (`id_proyecto`, `id_fase`, `id_tarea`) VALUES(11, 1, 0);
INSERT INTO `proyecto_fase_practica` (`id_proyecto`, `id_fase`, `id_tarea`) VALUES(11, 1, 2);
INSERT INTO `proyecto_fase_practica` (`id_proyecto`, `id_fase`, `id_tarea`) VALUES(11, 2, 0);
INSERT INTO `proyecto_fase_practica` (`id_proyecto`, `id_fase`, `id_tarea`) VALUES(11, 2, 3);
INSERT INTO `proyecto_fase_practica` (`id_proyecto`, `id_fase`, `id_tarea`) VALUES(11, 3, 0);
INSERT INTO `proyecto_fase_practica` (`id_proyecto`, `id_fase`, `id_tarea`) VALUES(11, 3, 4);
INSERT INTO `proyecto_fase_practica` (`id_proyecto`, `id_fase`, `id_tarea`) VALUES(11, 4, 0);
INSERT INTO `proyecto_fase_practica` (`id_proyecto`, `id_fase`, `id_tarea`) VALUES(11, 4, 5);
INSERT INTO `proyecto_fase_practica` (`id_proyecto`, `id_fase`, `id_tarea`) VALUES(12, 1, 0);
INSERT INTO `proyecto_fase_practica` (`id_proyecto`, `id_fase`, `id_tarea`) VALUES(12, 1, 6);
INSERT INTO `proyecto_fase_practica` (`id_proyecto`, `id_fase`, `id_tarea`) VALUES(12, 2, 0);
INSERT INTO `proyecto_fase_practica` (`id_proyecto`, `id_fase`, `id_tarea`) VALUES(12, 2, 7);
INSERT INTO `proyecto_fase_practica` (`id_proyecto`, `id_fase`, `id_tarea`) VALUES(12, 3, 0);
INSERT INTO `proyecto_fase_practica` (`id_proyecto`, `id_fase`, `id_tarea`) VALUES(12, 3, 8);
INSERT INTO `proyecto_fase_practica` (`id_proyecto`, `id_fase`, `id_tarea`) VALUES(12, 4, 0);
INSERT INTO `proyecto_fase_practica` (`id_proyecto`, `id_fase`, `id_tarea`) VALUES(12, 4, 9);
INSERT INTO `proyecto_fase_practica` (`id_proyecto`, `id_fase`, `id_tarea`) VALUES(13, 1, 0);
INSERT INTO `proyecto_fase_practica` (`id_proyecto`, `id_fase`, `id_tarea`) VALUES(13, 1, 10);
INSERT INTO `proyecto_fase_practica` (`id_proyecto`, `id_fase`, `id_tarea`) VALUES(13, 2, 0);
INSERT INTO `proyecto_fase_practica` (`id_proyecto`, `id_fase`, `id_tarea`) VALUES(13, 2, 11);
INSERT INTO `proyecto_fase_practica` (`id_proyecto`, `id_fase`, `id_tarea`) VALUES(13, 3, 0);
INSERT INTO `proyecto_fase_practica` (`id_proyecto`, `id_fase`, `id_tarea`) VALUES(13, 3, 12);
INSERT INTO `proyecto_fase_practica` (`id_proyecto`, `id_fase`, `id_tarea`) VALUES(13, 4, 0);
INSERT INTO `proyecto_fase_practica` (`id_proyecto`, `id_fase`, `id_tarea`) VALUES(13, 4, 13);
INSERT INTO `proyecto_fase_practica` (`id_proyecto`, `id_fase`, `id_tarea`) VALUES(14, 1, 0);
INSERT INTO `proyecto_fase_practica` (`id_proyecto`, `id_fase`, `id_tarea`) VALUES(14, 1, 14);
INSERT INTO `proyecto_fase_practica` (`id_proyecto`, `id_fase`, `id_tarea`) VALUES(14, 2, 0);
INSERT INTO `proyecto_fase_practica` (`id_proyecto`, `id_fase`, `id_tarea`) VALUES(14, 2, 15);
INSERT INTO `proyecto_fase_practica` (`id_proyecto`, `id_fase`, `id_tarea`) VALUES(14, 3, 0);
INSERT INTO `proyecto_fase_practica` (`id_proyecto`, `id_fase`, `id_tarea`) VALUES(14, 3, 16);
INSERT INTO `proyecto_fase_practica` (`id_proyecto`, `id_fase`, `id_tarea`) VALUES(14, 4, 0);
INSERT INTO `proyecto_fase_practica` (`id_proyecto`, `id_fase`, `id_tarea`) VALUES(14, 4, 17);
INSERT INTO `proyecto_fase_practica` (`id_proyecto`, `id_fase`, `id_tarea`) VALUES(15, 1, 0);
INSERT INTO `proyecto_fase_practica` (`id_proyecto`, `id_fase`, `id_tarea`) VALUES(15, 1, 18);
INSERT INTO `proyecto_fase_practica` (`id_proyecto`, `id_fase`, `id_tarea`) VALUES(15, 2, 0);
INSERT INTO `proyecto_fase_practica` (`id_proyecto`, `id_fase`, `id_tarea`) VALUES(15, 2, 19);
INSERT INTO `proyecto_fase_practica` (`id_proyecto`, `id_fase`, `id_tarea`) VALUES(15, 3, 0);
INSERT INTO `proyecto_fase_practica` (`id_proyecto`, `id_fase`, `id_tarea`) VALUES(15, 3, 20);
INSERT INTO `proyecto_fase_practica` (`id_proyecto`, `id_fase`, `id_tarea`) VALUES(15, 4, 0);
INSERT INTO `proyecto_fase_practica` (`id_proyecto`, `id_fase`, `id_tarea`) VALUES(15, 4, 21);
INSERT INTO `proyecto_fase_practica` (`id_proyecto`, `id_fase`, `id_tarea`) VALUES(16, 1, 0);
INSERT INTO `proyecto_fase_practica` (`id_proyecto`, `id_fase`, `id_tarea`) VALUES(16, 1, 22);
INSERT INTO `proyecto_fase_practica` (`id_proyecto`, `id_fase`, `id_tarea`) VALUES(16, 2, 0);
INSERT INTO `proyecto_fase_practica` (`id_proyecto`, `id_fase`, `id_tarea`) VALUES(16, 2, 23);
INSERT INTO `proyecto_fase_practica` (`id_proyecto`, `id_fase`, `id_tarea`) VALUES(16, 3, 0);
INSERT INTO `proyecto_fase_practica` (`id_proyecto`, `id_fase`, `id_tarea`) VALUES(16, 3, 24);
INSERT INTO `proyecto_fase_practica` (`id_proyecto`, `id_fase`, `id_tarea`) VALUES(16, 4, 0);
INSERT INTO `proyecto_fase_practica` (`id_proyecto`, `id_fase`, `id_tarea`) VALUES(16, 4, 25);
INSERT INTO `proyecto_fase_practica` (`id_proyecto`, `id_fase`, `id_tarea`) VALUES(17, 1, 0);
INSERT INTO `proyecto_fase_practica` (`id_proyecto`, `id_fase`, `id_tarea`) VALUES(17, 1, 26);
INSERT INTO `proyecto_fase_practica` (`id_proyecto`, `id_fase`, `id_tarea`) VALUES(17, 2, 0);
INSERT INTO `proyecto_fase_practica` (`id_proyecto`, `id_fase`, `id_tarea`) VALUES(17, 2, 27);
INSERT INTO `proyecto_fase_practica` (`id_proyecto`, `id_fase`, `id_tarea`) VALUES(17, 3, 0);
INSERT INTO `proyecto_fase_practica` (`id_proyecto`, `id_fase`, `id_tarea`) VALUES(17, 3, 28);
INSERT INTO `proyecto_fase_practica` (`id_proyecto`, `id_fase`, `id_tarea`) VALUES(17, 4, 0);
INSERT INTO `proyecto_fase_practica` (`id_proyecto`, `id_fase`, `id_tarea`) VALUES(17, 4, 29);
INSERT INTO `proyecto_fase_practica` (`id_proyecto`, `id_fase`, `id_tarea`) VALUES(18, 1, 0);
INSERT INTO `proyecto_fase_practica` (`id_proyecto`, `id_fase`, `id_tarea`) VALUES(18, 1, 30);
INSERT INTO `proyecto_fase_practica` (`id_proyecto`, `id_fase`, `id_tarea`) VALUES(18, 2, 0);
INSERT INTO `proyecto_fase_practica` (`id_proyecto`, `id_fase`, `id_tarea`) VALUES(18, 2, 31);
INSERT INTO `proyecto_fase_practica` (`id_proyecto`, `id_fase`, `id_tarea`) VALUES(18, 3, 0);
INSERT INTO `proyecto_fase_practica` (`id_proyecto`, `id_fase`, `id_tarea`) VALUES(18, 3, 32);
INSERT INTO `proyecto_fase_practica` (`id_proyecto`, `id_fase`, `id_tarea`) VALUES(18, 4, 0);
INSERT INTO `proyecto_fase_practica` (`id_proyecto`, `id_fase`, `id_tarea`) VALUES(18, 4, 33);
INSERT INTO `proyecto_fase_practica` (`id_proyecto`, `id_fase`, `id_tarea`) VALUES(19, 1, 0);
INSERT INTO `proyecto_fase_practica` (`id_proyecto`, `id_fase`, `id_tarea`) VALUES(19, 1, 34);
INSERT INTO `proyecto_fase_practica` (`id_proyecto`, `id_fase`, `id_tarea`) VALUES(19, 2, 0);
INSERT INTO `proyecto_fase_practica` (`id_proyecto`, `id_fase`, `id_tarea`) VALUES(19, 2, 35);
INSERT INTO `proyecto_fase_practica` (`id_proyecto`, `id_fase`, `id_tarea`) VALUES(19, 3, 0);
INSERT INTO `proyecto_fase_practica` (`id_proyecto`, `id_fase`, `id_tarea`) VALUES(19, 3, 36);
INSERT INTO `proyecto_fase_practica` (`id_proyecto`, `id_fase`, `id_tarea`) VALUES(19, 4, 0);
INSERT INTO `proyecto_fase_practica` (`id_proyecto`, `id_fase`, `id_tarea`) VALUES(19, 4, 37);
INSERT INTO `proyecto_fase_practica` (`id_proyecto`, `id_fase`, `id_tarea`) VALUES(20, 1, 0);
INSERT INTO `proyecto_fase_practica` (`id_proyecto`, `id_fase`, `id_tarea`) VALUES(20, 1, 38);
INSERT INTO `proyecto_fase_practica` (`id_proyecto`, `id_fase`, `id_tarea`) VALUES(20, 2, 0);
INSERT INTO `proyecto_fase_practica` (`id_proyecto`, `id_fase`, `id_tarea`) VALUES(20, 2, 39);
INSERT INTO `proyecto_fase_practica` (`id_proyecto`, `id_fase`, `id_tarea`) VALUES(20, 3, 0);
INSERT INTO `proyecto_fase_practica` (`id_proyecto`, `id_fase`, `id_tarea`) VALUES(20, 3, 40);
INSERT INTO `proyecto_fase_practica` (`id_proyecto`, `id_fase`, `id_tarea`) VALUES(20, 4, 0);
INSERT INTO `proyecto_fase_practica` (`id_proyecto`, `id_fase`, `id_tarea`) VALUES(20, 4, 41);
INSERT INTO `proyecto_fase_practica` (`id_proyecto`, `id_fase`, `id_tarea`) VALUES(21, 1, 0);
INSERT INTO `proyecto_fase_practica` (`id_proyecto`, `id_fase`, `id_tarea`) VALUES(21, 1, 42);
INSERT INTO `proyecto_fase_practica` (`id_proyecto`, `id_fase`, `id_tarea`) VALUES(21, 2, 0);
INSERT INTO `proyecto_fase_practica` (`id_proyecto`, `id_fase`, `id_tarea`) VALUES(21, 2, 43);
INSERT INTO `proyecto_fase_practica` (`id_proyecto`, `id_fase`, `id_tarea`) VALUES(21, 3, 0);
INSERT INTO `proyecto_fase_practica` (`id_proyecto`, `id_fase`, `id_tarea`) VALUES(21, 3, 44);
INSERT INTO `proyecto_fase_practica` (`id_proyecto`, `id_fase`, `id_tarea`) VALUES(21, 4, 0);
INSERT INTO `proyecto_fase_practica` (`id_proyecto`, `id_fase`, `id_tarea`) VALUES(21, 4, 45);
INSERT INTO `proyecto_fase_practica` (`id_proyecto`, `id_fase`, `id_tarea`) VALUES(22, 1, 0);
INSERT INTO `proyecto_fase_practica` (`id_proyecto`, `id_fase`, `id_tarea`) VALUES(22, 1, 46);
INSERT INTO `proyecto_fase_practica` (`id_proyecto`, `id_fase`, `id_tarea`) VALUES(22, 2, 0);
INSERT INTO `proyecto_fase_practica` (`id_proyecto`, `id_fase`, `id_tarea`) VALUES(22, 2, 47);
INSERT INTO `proyecto_fase_practica` (`id_proyecto`, `id_fase`, `id_tarea`) VALUES(22, 3, 0);
INSERT INTO `proyecto_fase_practica` (`id_proyecto`, `id_fase`, `id_tarea`) VALUES(22, 3, 48);
INSERT INTO `proyecto_fase_practica` (`id_proyecto`, `id_fase`, `id_tarea`) VALUES(22, 4, 0);
INSERT INTO `proyecto_fase_practica` (`id_proyecto`, `id_fase`, `id_tarea`) VALUES(22, 4, 49);
INSERT INTO `proyecto_fase_practica` (`id_proyecto`, `id_fase`, `id_tarea`) VALUES(23, 1, 0);
INSERT INTO `proyecto_fase_practica` (`id_proyecto`, `id_fase`, `id_tarea`) VALUES(23, 1, 5);
INSERT INTO `proyecto_fase_practica` (`id_proyecto`, `id_fase`, `id_tarea`) VALUES(23, 2, 0);
INSERT INTO `proyecto_fase_practica` (`id_proyecto`, `id_fase`, `id_tarea`) VALUES(23, 2, 6);
INSERT INTO `proyecto_fase_practica` (`id_proyecto`, `id_fase`, `id_tarea`) VALUES(23, 3, 0);
INSERT INTO `proyecto_fase_practica` (`id_proyecto`, `id_fase`, `id_tarea`) VALUES(23, 3, 7);
INSERT INTO `proyecto_fase_practica` (`id_proyecto`, `id_fase`, `id_tarea`) VALUES(23, 4, 0);
INSERT INTO `proyecto_fase_practica` (`id_proyecto`, `id_fase`, `id_tarea`) VALUES(23, 4, 8);
INSERT INTO `proyecto_fase_practica` (`id_proyecto`, `id_fase`, `id_tarea`) VALUES(24, 1, 0);
INSERT INTO `proyecto_fase_practica` (`id_proyecto`, `id_fase`, `id_tarea`) VALUES(24, 1, 9);
INSERT INTO `proyecto_fase_practica` (`id_proyecto`, `id_fase`, `id_tarea`) VALUES(24, 2, 0);
INSERT INTO `proyecto_fase_practica` (`id_proyecto`, `id_fase`, `id_tarea`) VALUES(24, 2, 2);
INSERT INTO `proyecto_fase_practica` (`id_proyecto`, `id_fase`, `id_tarea`) VALUES(24, 3, 0);
INSERT INTO `proyecto_fase_practica` (`id_proyecto`, `id_fase`, `id_tarea`) VALUES(24, 3, 3);
INSERT INTO `proyecto_fase_practica` (`id_proyecto`, `id_fase`, `id_tarea`) VALUES(24, 4, 0);
INSERT INTO `proyecto_fase_practica` (`id_proyecto`, `id_fase`, `id_tarea`) VALUES(24, 4, 4);
INSERT INTO `proyecto_fase_practica` (`id_proyecto`, `id_fase`, `id_tarea`) VALUES(25, 1, 0);
INSERT INTO `proyecto_fase_practica` (`id_proyecto`, `id_fase`, `id_tarea`) VALUES(25, 1, 5);
INSERT INTO `proyecto_fase_practica` (`id_proyecto`, `id_fase`, `id_tarea`) VALUES(25, 2, 0);
INSERT INTO `proyecto_fase_practica` (`id_proyecto`, `id_fase`, `id_tarea`) VALUES(25, 2, 6);
INSERT INTO `proyecto_fase_practica` (`id_proyecto`, `id_fase`, `id_tarea`) VALUES(25, 3, 0);
INSERT INTO `proyecto_fase_practica` (`id_proyecto`, `id_fase`, `id_tarea`) VALUES(25, 3, 7);
INSERT INTO `proyecto_fase_practica` (`id_proyecto`, `id_fase`, `id_tarea`) VALUES(25, 4, 0);
INSERT INTO `proyecto_fase_practica` (`id_proyecto`, `id_fase`, `id_tarea`) VALUES(25, 4, 8);
INSERT INTO `proyecto_fase_practica` (`id_proyecto`, `id_fase`, `id_tarea`) VALUES(26, 1, 0);
INSERT INTO `proyecto_fase_practica` (`id_proyecto`, `id_fase`, `id_tarea`) VALUES(26, 1, 9);
INSERT INTO `proyecto_fase_practica` (`id_proyecto`, `id_fase`, `id_tarea`) VALUES(26, 2, 0);
INSERT INTO `proyecto_fase_practica` (`id_proyecto`, `id_fase`, `id_tarea`) VALUES(26, 2, 10);
INSERT INTO `proyecto_fase_practica` (`id_proyecto`, `id_fase`, `id_tarea`) VALUES(26, 3, 0);
INSERT INTO `proyecto_fase_practica` (`id_proyecto`, `id_fase`, `id_tarea`) VALUES(26, 3, 2);
INSERT INTO `proyecto_fase_practica` (`id_proyecto`, `id_fase`, `id_tarea`) VALUES(26, 4, 0);
INSERT INTO `proyecto_fase_practica` (`id_proyecto`, `id_fase`, `id_tarea`) VALUES(26, 4, 3);
INSERT INTO `proyecto_fase_practica` (`id_proyecto`, `id_fase`, `id_tarea`) VALUES(27, 1, 0);
INSERT INTO `proyecto_fase_practica` (`id_proyecto`, `id_fase`, `id_tarea`) VALUES(27, 1, 13);
INSERT INTO `proyecto_fase_practica` (`id_proyecto`, `id_fase`, `id_tarea`) VALUES(27, 2, 0);
INSERT INTO `proyecto_fase_practica` (`id_proyecto`, `id_fase`, `id_tarea`) VALUES(27, 2, 14);
INSERT INTO `proyecto_fase_practica` (`id_proyecto`, `id_fase`, `id_tarea`) VALUES(27, 3, 0);
INSERT INTO `proyecto_fase_practica` (`id_proyecto`, `id_fase`, `id_tarea`) VALUES(27, 3, 2);
INSERT INTO `proyecto_fase_practica` (`id_proyecto`, `id_fase`, `id_tarea`) VALUES(27, 4, 0);
INSERT INTO `proyecto_fase_practica` (`id_proyecto`, `id_fase`, `id_tarea`) VALUES(27, 4, 3);
INSERT INTO `proyecto_fase_practica` (`id_proyecto`, `id_fase`, `id_tarea`) VALUES(28, 1, 0);
INSERT INTO `proyecto_fase_practica` (`id_proyecto`, `id_fase`, `id_tarea`) VALUES(28, 1, 2);
INSERT INTO `proyecto_fase_practica` (`id_proyecto`, `id_fase`, `id_tarea`) VALUES(28, 2, 0);
INSERT INTO `proyecto_fase_practica` (`id_proyecto`, `id_fase`, `id_tarea`) VALUES(28, 2, 9);
INSERT INTO `proyecto_fase_practica` (`id_proyecto`, `id_fase`, `id_tarea`) VALUES(28, 3, 0);
INSERT INTO `proyecto_fase_practica` (`id_proyecto`, `id_fase`, `id_tarea`) VALUES(28, 3, 3);
INSERT INTO `proyecto_fase_practica` (`id_proyecto`, `id_fase`, `id_tarea`) VALUES(28, 4, 0);
INSERT INTO `proyecto_fase_practica` (`id_proyecto`, `id_fase`, `id_tarea`) VALUES(28, 4, 13);
INSERT INTO `proyecto_fase_practica` (`id_proyecto`, `id_fase`, `id_tarea`) VALUES(29, 1, 0);
INSERT INTO `proyecto_fase_practica` (`id_proyecto`, `id_fase`, `id_tarea`) VALUES(29, 1, 14);
INSERT INTO `proyecto_fase_practica` (`id_proyecto`, `id_fase`, `id_tarea`) VALUES(29, 2, 0);
INSERT INTO `proyecto_fase_practica` (`id_proyecto`, `id_fase`, `id_tarea`) VALUES(29, 2, 6);
INSERT INTO `proyecto_fase_practica` (`id_proyecto`, `id_fase`, `id_tarea`) VALUES(29, 3, 0);
INSERT INTO `proyecto_fase_practica` (`id_proyecto`, `id_fase`, `id_tarea`) VALUES(29, 3, 3);
INSERT INTO `proyecto_fase_practica` (`id_proyecto`, `id_fase`, `id_tarea`) VALUES(29, 4, 0);
INSERT INTO `proyecto_fase_practica` (`id_proyecto`, `id_fase`, `id_tarea`) VALUES(29, 4, 13);
INSERT INTO `proyecto_fase_practica` (`id_proyecto`, `id_fase`, `id_tarea`) VALUES(30, 1, 0);
INSERT INTO `proyecto_fase_practica` (`id_proyecto`, `id_fase`, `id_tarea`) VALUES(30, 1, 14);
INSERT INTO `proyecto_fase_practica` (`id_proyecto`, `id_fase`, `id_tarea`) VALUES(30, 2, 0);
INSERT INTO `proyecto_fase_practica` (`id_proyecto`, `id_fase`, `id_tarea`) VALUES(30, 2, 5);
INSERT INTO `proyecto_fase_practica` (`id_proyecto`, `id_fase`, `id_tarea`) VALUES(30, 3, 0);
INSERT INTO `proyecto_fase_practica` (`id_proyecto`, `id_fase`, `id_tarea`) VALUES(30, 3, 3);
INSERT INTO `proyecto_fase_practica` (`id_proyecto`, `id_fase`, `id_tarea`) VALUES(30, 4, 0);
INSERT INTO `proyecto_fase_practica` (`id_proyecto`, `id_fase`, `id_tarea`) VALUES(30, 4, 5);
INSERT INTO `proyecto_fase_practica` (`id_proyecto`, `id_fase`, `id_tarea`) VALUES(31, 1, 0);
INSERT INTO `proyecto_fase_practica` (`id_proyecto`, `id_fase`, `id_tarea`) VALUES(31, 1, 6);
INSERT INTO `proyecto_fase_practica` (`id_proyecto`, `id_fase`, `id_tarea`) VALUES(31, 2, 0);
INSERT INTO `proyecto_fase_practica` (`id_proyecto`, `id_fase`, `id_tarea`) VALUES(31, 2, 7);
INSERT INTO `proyecto_fase_practica` (`id_proyecto`, `id_fase`, `id_tarea`) VALUES(31, 3, 0);
INSERT INTO `proyecto_fase_practica` (`id_proyecto`, `id_fase`, `id_tarea`) VALUES(31, 3, 8);
INSERT INTO `proyecto_fase_practica` (`id_proyecto`, `id_fase`, `id_tarea`) VALUES(31, 4, 0);
INSERT INTO `proyecto_fase_practica` (`id_proyecto`, `id_fase`, `id_tarea`) VALUES(31, 4, 9);
INSERT INTO `proyecto_fase_practica` (`id_proyecto`, `id_fase`, `id_tarea`) VALUES(32, 1, 0);
INSERT INTO `proyecto_fase_practica` (`id_proyecto`, `id_fase`, `id_tarea`) VALUES(32, 1, 2);
INSERT INTO `proyecto_fase_practica` (`id_proyecto`, `id_fase`, `id_tarea`) VALUES(32, 2, 0);
INSERT INTO `proyecto_fase_practica` (`id_proyecto`, `id_fase`, `id_tarea`) VALUES(32, 2, 3);
INSERT INTO `proyecto_fase_practica` (`id_proyecto`, `id_fase`, `id_tarea`) VALUES(32, 3, 0);
INSERT INTO `proyecto_fase_practica` (`id_proyecto`, `id_fase`, `id_tarea`) VALUES(32, 3, 4);
INSERT INTO `proyecto_fase_practica` (`id_proyecto`, `id_fase`, `id_tarea`) VALUES(32, 4, 0);
INSERT INTO `proyecto_fase_practica` (`id_proyecto`, `id_fase`, `id_tarea`) VALUES(32, 4, 5);
INSERT INTO `proyecto_fase_practica` (`id_proyecto`, `id_fase`, `id_tarea`) VALUES(33, 1, 6);
INSERT INTO `proyecto_fase_practica` (`id_proyecto`, `id_fase`, `id_tarea`) VALUES(33, 1, 0);
INSERT INTO `proyecto_fase_practica` (`id_proyecto`, `id_fase`, `id_tarea`) VALUES(33, 2, 0);
INSERT INTO `proyecto_fase_practica` (`id_proyecto`, `id_fase`, `id_tarea`) VALUES(33, 2, 7);
INSERT INTO `proyecto_fase_practica` (`id_proyecto`, `id_fase`, `id_tarea`) VALUES(33, 3, 0);
INSERT INTO `proyecto_fase_practica` (`id_proyecto`, `id_fase`, `id_tarea`) VALUES(33, 3, 8);
INSERT INTO `proyecto_fase_practica` (`id_proyecto`, `id_fase`, `id_tarea`) VALUES(33, 4, 0);
INSERT INTO `proyecto_fase_practica` (`id_proyecto`, `id_fase`, `id_tarea`) VALUES(33, 4, 9);
INSERT INTO `proyecto_fase_practica` (`id_proyecto`, `id_fase`, `id_tarea`) VALUES(34, 1, 0);
INSERT INTO `proyecto_fase_practica` (`id_proyecto`, `id_fase`, `id_tarea`) VALUES(34, 1, 10);
INSERT INTO `proyecto_fase_practica` (`id_proyecto`, `id_fase`, `id_tarea`) VALUES(34, 2, 0);
INSERT INTO `proyecto_fase_practica` (`id_proyecto`, `id_fase`, `id_tarea`) VALUES(34, 2, 2);
INSERT INTO `proyecto_fase_practica` (`id_proyecto`, `id_fase`, `id_tarea`) VALUES(34, 3, 0);
INSERT INTO `proyecto_fase_practica` (`id_proyecto`, `id_fase`, `id_tarea`) VALUES(34, 3, 3);
INSERT INTO `proyecto_fase_practica` (`id_proyecto`, `id_fase`, `id_tarea`) VALUES(34, 4, 0);
INSERT INTO `proyecto_fase_practica` (`id_proyecto`, `id_fase`, `id_tarea`) VALUES(34, 4, 13);
INSERT INTO `proyecto_fase_practica` (`id_proyecto`, `id_fase`, `id_tarea`) VALUES(35, 1, 0);
INSERT INTO `proyecto_fase_practica` (`id_proyecto`, `id_fase`, `id_tarea`) VALUES(35, 1, 14);
INSERT INTO `proyecto_fase_practica` (`id_proyecto`, `id_fase`, `id_tarea`) VALUES(35, 2, 0);
INSERT INTO `proyecto_fase_practica` (`id_proyecto`, `id_fase`, `id_tarea`) VALUES(35, 2, 1);
INSERT INTO `proyecto_fase_practica` (`id_proyecto`, `id_fase`, `id_tarea`) VALUES(35, 3, 0);
INSERT INTO `proyecto_fase_practica` (`id_proyecto`, `id_fase`, `id_tarea`) VALUES(35, 3, 3);
INSERT INTO `proyecto_fase_practica` (`id_proyecto`, `id_fase`, `id_tarea`) VALUES(35, 4, 0);
INSERT INTO `proyecto_fase_practica` (`id_proyecto`, `id_fase`, `id_tarea`) VALUES(35, 4, 2);
INSERT INTO `proyecto_fase_practica` (`id_proyecto`, `id_fase`, `id_tarea`) VALUES(36, 1, 0);
INSERT INTO `proyecto_fase_practica` (`id_proyecto`, `id_fase`, `id_tarea`) VALUES(36, 1, 2);
INSERT INTO `proyecto_fase_practica` (`id_proyecto`, `id_fase`, `id_tarea`) VALUES(36, 2, 0);
INSERT INTO `proyecto_fase_practica` (`id_proyecto`, `id_fase`, `id_tarea`) VALUES(36, 2, 3);
INSERT INTO `proyecto_fase_practica` (`id_proyecto`, `id_fase`, `id_tarea`) VALUES(36, 3, 0);
INSERT INTO `proyecto_fase_practica` (`id_proyecto`, `id_fase`, `id_tarea`) VALUES(36, 3, 13);
INSERT INTO `proyecto_fase_practica` (`id_proyecto`, `id_fase`, `id_tarea`) VALUES(36, 4, 0);
INSERT INTO `proyecto_fase_practica` (`id_proyecto`, `id_fase`, `id_tarea`) VALUES(36, 4, 14);
INSERT INTO `proyecto_fase_practica` (`id_proyecto`, `id_fase`, `id_tarea`) VALUES(37, 1, 0);
INSERT INTO `proyecto_fase_practica` (`id_proyecto`, `id_fase`, `id_tarea`) VALUES(37, 1, 6);
INSERT INTO `proyecto_fase_practica` (`id_proyecto`, `id_fase`, `id_tarea`) VALUES(37, 2, 0);
INSERT INTO `proyecto_fase_practica` (`id_proyecto`, `id_fase`, `id_tarea`) VALUES(37, 2, 3);
INSERT INTO `proyecto_fase_practica` (`id_proyecto`, `id_fase`, `id_tarea`) VALUES(37, 3, 0);
INSERT INTO `proyecto_fase_practica` (`id_proyecto`, `id_fase`, `id_tarea`) VALUES(37, 3, 13);
INSERT INTO `proyecto_fase_practica` (`id_proyecto`, `id_fase`, `id_tarea`) VALUES(37, 4, 0);
INSERT INTO `proyecto_fase_practica` (`id_proyecto`, `id_fase`, `id_tarea`) VALUES(37, 4, 14);
INSERT INTO `proyecto_fase_practica` (`id_proyecto`, `id_fase`, `id_tarea`) VALUES(38, 1, 0);
INSERT INTO `proyecto_fase_practica` (`id_proyecto`, `id_fase`, `id_tarea`) VALUES(38, 1, 5);
INSERT INTO `proyecto_fase_practica` (`id_proyecto`, `id_fase`, `id_tarea`) VALUES(38, 2, 0);
INSERT INTO `proyecto_fase_practica` (`id_proyecto`, `id_fase`, `id_tarea`) VALUES(38, 2, 3);
INSERT INTO `proyecto_fase_practica` (`id_proyecto`, `id_fase`, `id_tarea`) VALUES(38, 3, 0);
INSERT INTO `proyecto_fase_practica` (`id_proyecto`, `id_fase`, `id_tarea`) VALUES(38, 3, 4);
INSERT INTO `proyecto_fase_practica` (`id_proyecto`, `id_fase`, `id_tarea`) VALUES(38, 4, 0);
INSERT INTO `proyecto_fase_practica` (`id_proyecto`, `id_fase`, `id_tarea`) VALUES(38, 4, 5);
INSERT INTO `proyecto_fase_practica` (`id_proyecto`, `id_fase`, `id_tarea`) VALUES(39, 1, 0);
INSERT INTO `proyecto_fase_practica` (`id_proyecto`, `id_fase`, `id_tarea`) VALUES(39, 1, 6);
INSERT INTO `proyecto_fase_practica` (`id_proyecto`, `id_fase`, `id_tarea`) VALUES(39, 2, 0);
INSERT INTO `proyecto_fase_practica` (`id_proyecto`, `id_fase`, `id_tarea`) VALUES(39, 2, 7);
INSERT INTO `proyecto_fase_practica` (`id_proyecto`, `id_fase`, `id_tarea`) VALUES(39, 3, 0);
INSERT INTO `proyecto_fase_practica` (`id_proyecto`, `id_fase`, `id_tarea`) VALUES(39, 3, 8);
INSERT INTO `proyecto_fase_practica` (`id_proyecto`, `id_fase`, `id_tarea`) VALUES(39, 4, 0);
INSERT INTO `proyecto_fase_practica` (`id_proyecto`, `id_fase`, `id_tarea`) VALUES(39, 4, 9);
INSERT INTO `proyecto_fase_practica` (`id_proyecto`, `id_fase`, `id_tarea`) VALUES(40, 1, 0);
INSERT INTO `proyecto_fase_practica` (`id_proyecto`, `id_fase`, `id_tarea`) VALUES(40, 1, 10);
INSERT INTO `proyecto_fase_practica` (`id_proyecto`, `id_fase`, `id_tarea`) VALUES(40, 2, 0);
INSERT INTO `proyecto_fase_practica` (`id_proyecto`, `id_fase`, `id_tarea`) VALUES(40, 2, 11);
INSERT INTO `proyecto_fase_practica` (`id_proyecto`, `id_fase`, `id_tarea`) VALUES(40, 3, 0);
INSERT INTO `proyecto_fase_practica` (`id_proyecto`, `id_fase`, `id_tarea`) VALUES(40, 3, 12);
INSERT INTO `proyecto_fase_practica` (`id_proyecto`, `id_fase`, `id_tarea`) VALUES(40, 4, 0);
INSERT INTO `proyecto_fase_practica` (`id_proyecto`, `id_fase`, `id_tarea`) VALUES(40, 4, 13);
INSERT INTO `proyecto_fase_practica` (`id_proyecto`, `id_fase`, `id_tarea`) VALUES(41, 1, 0);
INSERT INTO `proyecto_fase_practica` (`id_proyecto`, `id_fase`, `id_tarea`) VALUES(41, 1, 14);
INSERT INTO `proyecto_fase_practica` (`id_proyecto`, `id_fase`, `id_tarea`) VALUES(41, 2, 0);
INSERT INTO `proyecto_fase_practica` (`id_proyecto`, `id_fase`, `id_tarea`) VALUES(41, 2, 15);
INSERT INTO `proyecto_fase_practica` (`id_proyecto`, `id_fase`, `id_tarea`) VALUES(41, 3, 0);
INSERT INTO `proyecto_fase_practica` (`id_proyecto`, `id_fase`, `id_tarea`) VALUES(41, 3, 16);
INSERT INTO `proyecto_fase_practica` (`id_proyecto`, `id_fase`, `id_tarea`) VALUES(41, 4, 0);
INSERT INTO `proyecto_fase_practica` (`id_proyecto`, `id_fase`, `id_tarea`) VALUES(41, 4, 17);
INSERT INTO `proyecto_fase_practica` (`id_proyecto`, `id_fase`, `id_tarea`) VALUES(42, 1, 0);
INSERT INTO `proyecto_fase_practica` (`id_proyecto`, `id_fase`, `id_tarea`) VALUES(42, 1, 18);
INSERT INTO `proyecto_fase_practica` (`id_proyecto`, `id_fase`, `id_tarea`) VALUES(42, 2, 0);
INSERT INTO `proyecto_fase_practica` (`id_proyecto`, `id_fase`, `id_tarea`) VALUES(42, 2, 19);
INSERT INTO `proyecto_fase_practica` (`id_proyecto`, `id_fase`, `id_tarea`) VALUES(42, 3, 0);
INSERT INTO `proyecto_fase_practica` (`id_proyecto`, `id_fase`, `id_tarea`) VALUES(42, 3, 20);
INSERT INTO `proyecto_fase_practica` (`id_proyecto`, `id_fase`, `id_tarea`) VALUES(42, 4, 0);
INSERT INTO `proyecto_fase_practica` (`id_proyecto`, `id_fase`, `id_tarea`) VALUES(42, 4, 21);
INSERT INTO `proyecto_fase_practica` (`id_proyecto`, `id_fase`, `id_tarea`) VALUES(43, 1, 0);
INSERT INTO `proyecto_fase_practica` (`id_proyecto`, `id_fase`, `id_tarea`) VALUES(43, 1, 22);
INSERT INTO `proyecto_fase_practica` (`id_proyecto`, `id_fase`, `id_tarea`) VALUES(43, 2, 0);
INSERT INTO `proyecto_fase_practica` (`id_proyecto`, `id_fase`, `id_tarea`) VALUES(43, 2, 23);
INSERT INTO `proyecto_fase_practica` (`id_proyecto`, `id_fase`, `id_tarea`) VALUES(43, 3, 0);
INSERT INTO `proyecto_fase_practica` (`id_proyecto`, `id_fase`, `id_tarea`) VALUES(43, 3, 24);
INSERT INTO `proyecto_fase_practica` (`id_proyecto`, `id_fase`, `id_tarea`) VALUES(43, 4, 0);
INSERT INTO `proyecto_fase_practica` (`id_proyecto`, `id_fase`, `id_tarea`) VALUES(43, 4, 25);
INSERT INTO `proyecto_fase_practica` (`id_proyecto`, `id_fase`, `id_tarea`) VALUES(44, 1, 0);
INSERT INTO `proyecto_fase_practica` (`id_proyecto`, `id_fase`, `id_tarea`) VALUES(44, 1, 26);
INSERT INTO `proyecto_fase_practica` (`id_proyecto`, `id_fase`, `id_tarea`) VALUES(44, 2, 0);
INSERT INTO `proyecto_fase_practica` (`id_proyecto`, `id_fase`, `id_tarea`) VALUES(44, 2, 27);
INSERT INTO `proyecto_fase_practica` (`id_proyecto`, `id_fase`, `id_tarea`) VALUES(44, 3, 0);
INSERT INTO `proyecto_fase_practica` (`id_proyecto`, `id_fase`, `id_tarea`) VALUES(44, 3, 5);
INSERT INTO `proyecto_fase_practica` (`id_proyecto`, `id_fase`, `id_tarea`) VALUES(44, 4, 0);
INSERT INTO `proyecto_fase_practica` (`id_proyecto`, `id_fase`, `id_tarea`) VALUES(44, 4, 6);
INSERT INTO `proyecto_fase_practica` (`id_proyecto`, `id_fase`, `id_tarea`) VALUES(45, 1, 0);
INSERT INTO `proyecto_fase_practica` (`id_proyecto`, `id_fase`, `id_tarea`) VALUES(45, 1, 7);
INSERT INTO `proyecto_fase_practica` (`id_proyecto`, `id_fase`, `id_tarea`) VALUES(45, 2, 0);
INSERT INTO `proyecto_fase_practica` (`id_proyecto`, `id_fase`, `id_tarea`) VALUES(45, 2, 8);
INSERT INTO `proyecto_fase_practica` (`id_proyecto`, `id_fase`, `id_tarea`) VALUES(45, 3, 0);
INSERT INTO `proyecto_fase_practica` (`id_proyecto`, `id_fase`, `id_tarea`) VALUES(45, 3, 9);
INSERT INTO `proyecto_fase_practica` (`id_proyecto`, `id_fase`, `id_tarea`) VALUES(45, 4, 0);
INSERT INTO `proyecto_fase_practica` (`id_proyecto`, `id_fase`, `id_tarea`) VALUES(45, 4, 2);
INSERT INTO `proyecto_fase_practica` (`id_proyecto`, `id_fase`, `id_tarea`) VALUES(46, 1, 0);
INSERT INTO `proyecto_fase_practica` (`id_proyecto`, `id_fase`, `id_tarea`) VALUES(46, 1, 3);
INSERT INTO `proyecto_fase_practica` (`id_proyecto`, `id_fase`, `id_tarea`) VALUES(46, 2, 0);
INSERT INTO `proyecto_fase_practica` (`id_proyecto`, `id_fase`, `id_tarea`) VALUES(46, 2, 4);
INSERT INTO `proyecto_fase_practica` (`id_proyecto`, `id_fase`, `id_tarea`) VALUES(46, 3, 0);
INSERT INTO `proyecto_fase_practica` (`id_proyecto`, `id_fase`, `id_tarea`) VALUES(46, 3, 5);
INSERT INTO `proyecto_fase_practica` (`id_proyecto`, `id_fase`, `id_tarea`) VALUES(46, 4, 0);
INSERT INTO `proyecto_fase_practica` (`id_proyecto`, `id_fase`, `id_tarea`) VALUES(46, 4, 6);
INSERT INTO `proyecto_fase_practica` (`id_proyecto`, `id_fase`, `id_tarea`) VALUES(47, 1, 0);
INSERT INTO `proyecto_fase_practica` (`id_proyecto`, `id_fase`, `id_tarea`) VALUES(47, 1, 7);
INSERT INTO `proyecto_fase_practica` (`id_proyecto`, `id_fase`, `id_tarea`) VALUES(47, 2, 0);
INSERT INTO `proyecto_fase_practica` (`id_proyecto`, `id_fase`, `id_tarea`) VALUES(47, 2, 8);
INSERT INTO `proyecto_fase_practica` (`id_proyecto`, `id_fase`, `id_tarea`) VALUES(47, 3, 0);
INSERT INTO `proyecto_fase_practica` (`id_proyecto`, `id_fase`, `id_tarea`) VALUES(47, 3, 9);
INSERT INTO `proyecto_fase_practica` (`id_proyecto`, `id_fase`, `id_tarea`) VALUES(47, 4, 0);
INSERT INTO `proyecto_fase_practica` (`id_proyecto`, `id_fase`, `id_tarea`) VALUES(47, 4, 10);
INSERT INTO `proyecto_fase_practica` (`id_proyecto`, `id_fase`, `id_tarea`) VALUES(48, 1, 0);
INSERT INTO `proyecto_fase_practica` (`id_proyecto`, `id_fase`, `id_tarea`) VALUES(48, 1, 2);
INSERT INTO `proyecto_fase_practica` (`id_proyecto`, `id_fase`, `id_tarea`) VALUES(48, 2, 0);
INSERT INTO `proyecto_fase_practica` (`id_proyecto`, `id_fase`, `id_tarea`) VALUES(48, 2, 3);
INSERT INTO `proyecto_fase_practica` (`id_proyecto`, `id_fase`, `id_tarea`) VALUES(48, 3, 0);
INSERT INTO `proyecto_fase_practica` (`id_proyecto`, `id_fase`, `id_tarea`) VALUES(48, 3, 13);
INSERT INTO `proyecto_fase_practica` (`id_proyecto`, `id_fase`, `id_tarea`) VALUES(48, 4, 0);
INSERT INTO `proyecto_fase_practica` (`id_proyecto`, `id_fase`, `id_tarea`) VALUES(48, 4, 14);
INSERT INTO `proyecto_fase_practica` (`id_proyecto`, `id_fase`, `id_tarea`) VALUES(49, 1, 0);
INSERT INTO `proyecto_fase_practica` (`id_proyecto`, `id_fase`, `id_tarea`) VALUES(49, 1, 14);
INSERT INTO `proyecto_fase_practica` (`id_proyecto`, `id_fase`, `id_tarea`) VALUES(49, 2, 0);
INSERT INTO `proyecto_fase_practica` (`id_proyecto`, `id_fase`, `id_tarea`) VALUES(49, 2, 3);
INSERT INTO `proyecto_fase_practica` (`id_proyecto`, `id_fase`, `id_tarea`) VALUES(49, 3, 0);
INSERT INTO `proyecto_fase_practica` (`id_proyecto`, `id_fase`, `id_tarea`) VALUES(49, 3, 14);
INSERT INTO `proyecto_fase_practica` (`id_proyecto`, `id_fase`, `id_tarea`) VALUES(49, 4, 0);
INSERT INTO `proyecto_fase_practica` (`id_proyecto`, `id_fase`, `id_tarea`) VALUES(49, 4, 3);
INSERT INTO `proyecto_fase_practica` (`id_proyecto`, `id_fase`, `id_tarea`) VALUES(50, 1, 0);
INSERT INTO `proyecto_fase_practica` (`id_proyecto`, `id_fase`, `id_tarea`) VALUES(50, 1, 3);
INSERT INTO `proyecto_fase_practica` (`id_proyecto`, `id_fase`, `id_tarea`) VALUES(50, 2, 0);
INSERT INTO `proyecto_fase_practica` (`id_proyecto`, `id_fase`, `id_tarea`) VALUES(50, 2, 14);
INSERT INTO `proyecto_fase_practica` (`id_proyecto`, `id_fase`, `id_tarea`) VALUES(50, 3, 0);
INSERT INTO `proyecto_fase_practica` (`id_proyecto`, `id_fase`, `id_tarea`) VALUES(50, 3, 14);
INSERT INTO `proyecto_fase_practica` (`id_proyecto`, `id_fase`, `id_tarea`) VALUES(50, 4, 0);
INSERT INTO `proyecto_fase_practica` (`id_proyecto`, `id_fase`, `id_tarea`) VALUES(50, 4, 6);

INSERT INTO `ap_colaborador` (`id_proyecto`, `id_fase`, `id_tarea`, `id_ap`, `id_empleado`, `minutos`) VALUES(1, 1, 1, 1, 1, '5.5');
INSERT INTO `ap_colaborador` (`id_proyecto`, `id_fase`, `id_tarea`, `id_ap`, `id_empleado`, `minutos`) VALUES(1, 1, 1, 2, 1, '9.9');
INSERT INTO `ap_colaborador` (`id_proyecto`, `id_fase`, `id_tarea`, `id_ap`, `id_empleado`, `minutos`) VALUES(1, 1, 1, 3, 1, '12.3');
INSERT INTO `ap_colaborador` (`id_proyecto`, `id_fase`, `id_tarea`, `id_ap`, `id_empleado`, `minutos`) VALUES(1, 1, 1, 4, 1, '15.4');
INSERT INTO `ap_colaborador` (`id_proyecto`, `id_fase`, `id_tarea`, `id_ap`, `id_empleado`, `minutos`) VALUES(1, 1, 1, 5, 1, '22.4');
INSERT INTO `ap_colaborador` (`id_proyecto`, `id_fase`, `id_tarea`, `id_ap`, `id_empleado`, `minutos`) VALUES(1, 1, 1, 6, 1, '29.9');
INSERT INTO `ap_colaborador` (`id_proyecto`, `id_fase`, `id_tarea`, `id_ap`, `id_empleado`, `minutos`) VALUES(1, 1, 3, 1, 2, '6.1');
INSERT INTO `ap_colaborador` (`id_proyecto`, `id_fase`, `id_tarea`, `id_ap`, `id_empleado`, `minutos`) VALUES(1, 1, 3, 2, 2, '11.1');
INSERT INTO `ap_colaborador` (`id_proyecto`, `id_fase`, `id_tarea`, `id_ap`, `id_empleado`, `minutos`) VALUES(1, 1, 3, 3, 2, '17.3');
INSERT INTO `ap_colaborador` (`id_proyecto`, `id_fase`, `id_tarea`, `id_ap`, `id_empleado`, `minutos`) VALUES(1, 1, 3, 4, 2, '19.9');
INSERT INTO `ap_colaborador` (`id_proyecto`, `id_fase`, `id_tarea`, `id_ap`, `id_empleado`, `minutos`) VALUES(1, 1, 3, 5, 2, '26.6');
INSERT INTO `ap_colaborador` (`id_proyecto`, `id_fase`, `id_tarea`, `id_ap`, `id_empleado`, `minutos`) VALUES(1, 1, 3, 6, 2, '32.8');
INSERT INTO `ap_colaborador` (`id_proyecto`, `id_fase`, `id_tarea`, `id_ap`, `id_empleado`, `minutos`) VALUES(1, 1, 4, 1, 2, '5.3');
INSERT INTO `ap_colaborador` (`id_proyecto`, `id_fase`, `id_tarea`, `id_ap`, `id_empleado`, `minutos`) VALUES(1, 1, 4, 2, 2, '7.3');
INSERT INTO `ap_colaborador` (`id_proyecto`, `id_fase`, `id_tarea`, `id_ap`, `id_empleado`, `minutos`) VALUES(1, 1, 4, 3, 2, '11.1');
INSERT INTO `ap_colaborador` (`id_proyecto`, `id_fase`, `id_tarea`, `id_ap`, `id_empleado`, `minutos`) VALUES(1, 1, 4, 4, 2, '15.6');
INSERT INTO `ap_colaborador` (`id_proyecto`, `id_fase`, `id_tarea`, `id_ap`, `id_empleado`, `minutos`) VALUES(1, 1, 4, 5, 2, '21.3');
INSERT INTO `ap_colaborador` (`id_proyecto`, `id_fase`, `id_tarea`, `id_ap`, `id_empleado`, `minutos`) VALUES(1, 1, 4, 6, 2, '26.7');
INSERT INTO `ap_colaborador` (`id_proyecto`, `id_fase`, `id_tarea`, `id_ap`, `id_empleado`, `minutos`) VALUES(1, 2, 1, 1, 2, '5.1');
INSERT INTO `ap_colaborador` (`id_proyecto`, `id_fase`, `id_tarea`, `id_ap`, `id_empleado`, `minutos`) VALUES(1, 2, 1, 2, 2, '7.2');
INSERT INTO `ap_colaborador` (`id_proyecto`, `id_fase`, `id_tarea`, `id_ap`, `id_empleado`, `minutos`) VALUES(1, 2, 1, 3, 2, '10.3');
INSERT INTO `ap_colaborador` (`id_proyecto`, `id_fase`, `id_tarea`, `id_ap`, `id_empleado`, `minutos`) VALUES(1, 2, 1, 4, 2, '14.8');
INSERT INTO `ap_colaborador` (`id_proyecto`, `id_fase`, `id_tarea`, `id_ap`, `id_empleado`, `minutos`) VALUES(1, 2, 1, 5, 2, '22.2');
INSERT INTO `ap_colaborador` (`id_proyecto`, `id_fase`, `id_tarea`, `id_ap`, `id_empleado`, `minutos`) VALUES(1, 2, 2, 1, 2, '5.9');
INSERT INTO `ap_colaborador` (`id_proyecto`, `id_fase`, `id_tarea`, `id_ap`, `id_empleado`, `minutos`) VALUES(1, 2, 2, 2, 2, '9.1');
INSERT INTO `ap_colaborador` (`id_proyecto`, `id_fase`, `id_tarea`, `id_ap`, `id_empleado`, `minutos`) VALUES(1, 2, 2, 3, 2, '13.8');
INSERT INTO `ap_colaborador` (`id_proyecto`, `id_fase`, `id_tarea`, `id_ap`, `id_empleado`, `minutos`) VALUES(1, 2, 2, 4, 2, '18.5');
INSERT INTO `ap_colaborador` (`id_proyecto`, `id_fase`, `id_tarea`, `id_ap`, `id_empleado`, `minutos`) VALUES(1, 2, 2, 5, 2, '24.4');
INSERT INTO `ap_colaborador` (`id_proyecto`, `id_fase`, `id_tarea`, `id_ap`, `id_empleado`, `minutos`) VALUES(1, 2, 2, 6, 2, '29.2');


INSERT INTO `ap_promedios` (`id_proyecto`, `id_fase`, `id_tarea`, `id_ap`, `promedio_minutos`) VALUES(1, 1, 1, 1, NULL);
INSERT INTO `ap_promedios` (`id_proyecto`, `id_fase`, `id_tarea`, `id_ap`, `promedio_minutos`) VALUES(1, 1, 1, 2, NULL);
INSERT INTO `ap_promedios` (`id_proyecto`, `id_fase`, `id_tarea`, `id_ap`, `promedio_minutos`) VALUES(1, 1, 1, 3, NULL);
INSERT INTO `ap_promedios` (`id_proyecto`, `id_fase`, `id_tarea`, `id_ap`, `promedio_minutos`) VALUES(1, 1, 1, 4, NULL);
INSERT INTO `ap_promedios` (`id_proyecto`, `id_fase`, `id_tarea`, `id_ap`, `promedio_minutos`) VALUES(1, 1, 1, 5, NULL);
INSERT INTO `ap_promedios` (`id_proyecto`, `id_fase`, `id_tarea`, `id_ap`, `promedio_minutos`) VALUES(1, 1, 1, 6, NULL);
INSERT INTO `ap_promedios` (`id_proyecto`, `id_fase`, `id_tarea`, `id_ap`, `promedio_minutos`) VALUES(1, 1, 3, 1, NULL);
INSERT INTO `ap_promedios` (`id_proyecto`, `id_fase`, `id_tarea`, `id_ap`, `promedio_minutos`) VALUES(1, 1, 3, 2, NULL);
INSERT INTO `ap_promedios` (`id_proyecto`, `id_fase`, `id_tarea`, `id_ap`, `promedio_minutos`) VALUES(1, 1, 3, 3, NULL);
INSERT INTO `ap_promedios` (`id_proyecto`, `id_fase`, `id_tarea`, `id_ap`, `promedio_minutos`) VALUES(1, 1, 3, 4, NULL);
INSERT INTO `ap_promedios` (`id_proyecto`, `id_fase`, `id_tarea`, `id_ap`, `promedio_minutos`) VALUES(1, 1, 3, 5, NULL);
INSERT INTO `ap_promedios` (`id_proyecto`, `id_fase`, `id_tarea`, `id_ap`, `promedio_minutos`) VALUES(1, 1, 3, 6, NULL);
INSERT INTO `ap_promedios` (`id_proyecto`, `id_fase`, `id_tarea`, `id_ap`, `promedio_minutos`) VALUES(1, 1, 4, 1, NULL);
INSERT INTO `ap_promedios` (`id_proyecto`, `id_fase`, `id_tarea`, `id_ap`, `promedio_minutos`) VALUES(1, 1, 4, 2, NULL);
INSERT INTO `ap_promedios` (`id_proyecto`, `id_fase`, `id_tarea`, `id_ap`, `promedio_minutos`) VALUES(1, 1, 4, 3, NULL);
INSERT INTO `ap_promedios` (`id_proyecto`, `id_fase`, `id_tarea`, `id_ap`, `promedio_minutos`) VALUES(1, 1, 3, 4, NULL);
INSERT INTO `ap_promedios` (`id_proyecto`, `id_fase`, `id_tarea`, `id_ap`, `promedio_minutos`) VALUES(1, 1, 3, 5, NULL);
INSERT INTO `ap_promedios` (`id_proyecto`, `id_fase`, `id_tarea`, `id_ap`, `promedio_minutos`) VALUES(1, 1, 3, 6, NULL);
INSERT INTO `ap_promedios` (`id_proyecto`, `id_fase`, `id_tarea`, `id_ap`, `promedio_minutos`) VALUES(1, 2, 1, 1, NULL);
INSERT INTO `ap_promedios` (`id_proyecto`, `id_fase`, `id_tarea`, `id_ap`, `promedio_minutos`) VALUES(1, 2, 1, 2, NULL);
INSERT INTO `ap_promedios` (`id_proyecto`, `id_fase`, `id_tarea`, `id_ap`, `promedio_minutos`) VALUES(1, 2, 1, 3, NULL);
INSERT INTO `ap_promedios` (`id_proyecto`, `id_fase`, `id_tarea`, `id_ap`, `promedio_minutos`) VALUES(1, 2, 1, 4, NULL);
INSERT INTO `ap_promedios` (`id_proyecto`, `id_fase`, `id_tarea`, `id_ap`, `promedio_minutos`) VALUES(1, 2, 1, 5, NULL);
INSERT INTO `ap_promedios` (`id_proyecto`, `id_fase`, `id_tarea`, `id_ap`, `promedio_minutos`) VALUES(1, 2, 1, 1, NULL);
INSERT INTO `ap_promedios` (`id_proyecto`, `id_fase`, `id_tarea`, `id_ap`, `promedio_minutos`) VALUES(1, 2, 1, 2, NULL);
INSERT INTO `ap_promedios` (`id_proyecto`, `id_fase`, `id_tarea`, `id_ap`, `promedio_minutos`) VALUES(1, 2, 1, 3, NULL);
INSERT INTO `ap_promedios` (`id_proyecto`, `id_fase`, `id_tarea`, `id_ap`, `promedio_minutos`) VALUES(1, 2, 1, 4, NULL);
INSERT INTO `ap_promedios` (`id_proyecto`, `id_fase`, `id_tarea`, `id_ap`, `promedio_minutos`) VALUES(1, 2, 1, 5, NULL);
INSERT INTO `ap_promedios` (`id_proyecto`, `id_fase`, `id_tarea`, `id_ap`, `promedio_minutos`) VALUES(1, 2, 1, 6, NULL);

INSERT INTO `casos_uso` (`id_casos`, `id_ap`, `id_iteracion`, `yo_como`, `quiero`, `para`, `comentario`, `real_minutos`, `max_minutos_caso_uso`, `porcentaje_avance`) VALUES(1, 5, 1, 'cualquier mesa', 'ver cuando una solicitud es nueva', 'identificarlas con mayor facilidad', 'Revisado', 2860, 4060, '0.66');
INSERT INTO `casos_uso` (`id_casos`, `id_ap`, `id_iteracion`, `yo_como`, `quiero`, `para`, `comentario`, `real_minutos`, `max_minutos_caso_uso`, `porcentaje_avance`) VALUES(2, 5, 2, 'comercial', 'agregar mi telefono', 'recibir notificaciones via whatsapp', 'Terminar', 2770, 4506, '0.89');
INSERT INTO `casos_uso` (`id_casos`, `id_ap`, `id_iteracion`, `yo_como`, `quiero`, `para`, `comentario`, `real_minutos`, `max_minutos_caso_uso`, `porcentaje_avance`) VALUES(3, 5, 3, 'mesa de prospectos', 'agregar el documento de FICO', 'complementar el expediente', 'Buen Trabajo', 3220, 5004, '0.92');
INSERT INTO `casos_uso` (`id_casos`, `id_ap`, `id_iteracion`, `yo_como`, `quiero`, `para`, `comentario`, `real_minutos`, `max_minutos_caso_uso`, `porcentaje_avance`) VALUES(4, 5, 4, 'mesa de prospectos', 'asignar al analista de credito al enviar el expediente', 'repartir las solicitudes', 'Excelente idea', 4300, 4990, '0.72');
INSERT INTO `casos_uso` (`id_casos`, `id_ap`, `id_iteracion`, `yo_como`, `quiero`, `para`, `comentario`, `real_minutos`, `max_minutos_caso_uso`, `porcentaje_avance`) VALUES(5, 5, 5, 'mesa de analisis', 'aprobar o rechazar un credito', 'continuar con el flujo del prospecto', 'dar seguimiento', 3770, 5300, '0.84');
INSERT INTO `casos_uso` (`id_casos`, `id_ap`, `id_iteracion`, `yo_como`, `quiero`, `para`, `comentario`, `real_minutos`, `max_minutos_caso_uso`, `porcentaje_avance`) VALUES(6, 5, 6, 'mesa de analisis', 'consultar la lista de expedientes rechazados', 'ver los creditos que rechazó', 'Necesario', 2996, 4400, '0.59');
INSERT INTO `casos_uso` (`id_casos`, `id_ap`, `id_iteracion`, `yo_como`, `quiero`, `para`, `comentario`, `real_minutos`, `max_minutos_caso_uso`, `porcentaje_avance`) VALUES(7, 5, 7, 'mesa de analisis', 'consultar la lista de expedientes aceptados', 'ver los creditos que acepto', 'Indispensable', 3450, 5117, '0.64');
INSERT INTO `casos_uso` (`id_casos`, `id_ap`, `id_iteracion`, `yo_como`, `quiero`, `para`, `comentario`, `real_minutos`, `max_minutos_caso_uso`, `porcentaje_avance`) VALUES(8, 5, 8, 'comercial', 'consultar el mensaje de resolucion de credito', 'ver porqué aprobaron o rechazaron al prospecto', 'Trabajar', 4222, 5233, '0.65');
INSERT INTO `casos_uso` (`id_casos`, `id_ap`, `id_iteracion`, `yo_como`, `quiero`, `para`, `comentario`, `real_minutos`, `max_minutos_caso_uso`, `porcentaje_avance`) VALUES(9, 5, 9, 'administrador', 'revertir el estado de rechazado o aceptado', 'restarurar la solicitud a su estatus anterior', 'Comunicacion necesitada', 3604, 5349, '0.62');
INSERT INTO `casos_uso` (`id_casos`, `id_ap`, `id_iteracion`, `yo_como`, `quiero`, `para`, `comentario`, `real_minutos`, `max_minutos_caso_uso`, `porcentaje_avance`) VALUES(10, 5, 10, 'administrador', 'consultar la lista de comerciales y sus asignación de coordinador', 'ver a sus responsables', 'Vital', 2884, 5465, '0.59');
INSERT INTO `casos_uso` (`id_casos`, `id_ap`, `id_iteracion`, `yo_como`, `quiero`, `para`, `comentario`, `real_minutos`, `max_minutos_caso_uso`, `porcentaje_avance`) VALUES(11, 5, 11, 'administrador', 'asignar comerciales a coordinadores', 'que los puedan consultar los coordinadores', 'dar seguimiento', 3666, 5582, '0.57');
INSERT INTO `casos_uso` (`id_casos`, `id_ap`, `id_iteracion`, `yo_como`, `quiero`, `para`, `comentario`, `real_minutos`, `max_minutos_caso_uso`, `porcentaje_avance`) VALUES(12, 3, 12, 'administrador', 'cambiar la asignación de comerciales a coordinadores', 'modificarlos en caso de algún cambio', 'Revisado', 3713, 5698, '0.96');
INSERT INTO `casos_uso` (`id_casos`, `id_ap`, `id_iteracion`, `yo_como`, `quiero`, `para`, `comentario`, `real_minutos`, `max_minutos_caso_uso`, `porcentaje_avance`) VALUES(13, 3, 13, 'coordinador de comercial', 'consultar las solicitudes de mis comerciales asignados', 'ver el proceso de su trabajo', 'Terminar', 3759, 4992, '0.76');
INSERT INTO `casos_uso` (`id_casos`, `id_ap`, `id_iteracion`, `yo_como`, `quiero`, `para`, `comentario`, `real_minutos`, `max_minutos_caso_uso`, `porcentaje_avance`) VALUES(14, 3, 14, 'administrador', 'actualizar el dashboard de Google Sheets', 'revisar el estatus de los expedientes actualizados', 'Buen Trabajo', 3806, 5230, '0.87');
INSERT INTO `casos_uso` (`id_casos`, `id_ap`, `id_iteracion`, `yo_como`, `quiero`, `para`, `comentario`, `real_minutos`, `max_minutos_caso_uso`, `porcentaje_avance`) VALUES(15, 3, 15, 'comercial', 'obterner la información del prospecto con su RFC', 'automatizar el llenado de la solicitud', 'Excelente idea', 3853, 4670, '0.79');
INSERT INTO `casos_uso` (`id_casos`, `id_ap`, `id_iteracion`, `yo_como`, `quiero`, `para`, `comentario`, `real_minutos`, `max_minutos_caso_uso`, `porcentaje_avance`) VALUES(16, 3, 16, 'administrador', 'consultar el score del FICO dentro del portal', 'obtener la información de forma automática', 'dar seguimiento', 3900, 4999, '0.69');
INSERT INTO `casos_uso` (`id_casos`, `id_ap`, `id_iteracion`, `yo_como`, `quiero`, `para`, `comentario`, `real_minutos`, `max_minutos_caso_uso`, `porcentaje_avance`) VALUES(17, 3, 17, 'comercial', 'ver cuando una solicitud es nueva', 'identificarlas con mayor facilidad', 'Necesario', 3947, 4602, '0.99');
INSERT INTO `casos_uso` (`id_casos`, `id_ap`, `id_iteracion`, `yo_como`, `quiero`, `para`, `comentario`, `real_minutos`, `max_minutos_caso_uso`, `porcentaje_avance`) VALUES(18, 3, 18, 'administrador', 'agregar mi telefono', 'recibir notificaciones via whatsapp', 'Indispensable', 3994, 4430, '0.96');
INSERT INTO `casos_uso` (`id_casos`, `id_ap`, `id_iteracion`, `yo_como`, `quiero`, `para`, `comentario`, `real_minutos`, `max_minutos_caso_uso`, `porcentaje_avance`) VALUES(19, 3, 19, 'administrador', 'agregar el documento de FICO', 'complementar el expediente', 'Trabajar', 4041, 4258, '0.90');
INSERT INTO `casos_uso` (`id_casos`, `id_ap`, `id_iteracion`, `yo_como`, `quiero`, `para`, `comentario`, `real_minutos`, `max_minutos_caso_uso`, `porcentaje_avance`) VALUES(20, 3, 20, 'administrador', 'asignar al analista de credito al enviar el expediente', 'repartir las solicitudes', 'Comunicacion necesitada', 4088, 4086, '0.91');
INSERT INTO `casos_uso` (`id_casos`, `id_ap`, `id_iteracion`, `yo_como`, `quiero`, `para`, `comentario`, `real_minutos`, `max_minutos_caso_uso`, `porcentaje_avance`) VALUES(21, 3, 21, 'administrador', 'aprobar o rechazar un credito', 'continuar con el flujo del prospecto', 'Revisado', 2770, 3900, '0.92');
INSERT INTO `casos_uso` (`id_casos`, `id_ap`, `id_iteracion`, `yo_como`, `quiero`, `para`, `comentario`, `real_minutos`, `max_minutos_caso_uso`, `porcentaje_avance`) VALUES(22, 3, 22, 'coordinador de comercial', 'consultar la lista de expedientes rechazados', 'ver los creditos que rechazó', 'Terminar', 3202, 4230, '0.93');
INSERT INTO `casos_uso` (`id_casos`, `id_ap`, `id_iteracion`, `yo_como`, `quiero`, `para`, `comentario`, `real_minutos`, `max_minutos_caso_uso`, `porcentaje_avance`) VALUES(23, 3, 23, 'administrador', 'consultar la lista de expedientes aceptados', 'ver los creditos que acepto', 'Buen Trabajo', 4367, 4051, '0.94');
INSERT INTO `casos_uso` (`id_casos`, `id_ap`, `id_iteracion`, `yo_como`, `quiero`, `para`, `comentario`, `real_minutos`, `max_minutos_caso_uso`, `porcentaje_avance`) VALUES(24, 3, 24, 'comercial', 'consultar el mensaje de resolucion de credito', 'ver porqué aprobaron o rechazaron al prospecto', 'Excelente idea', 2388, 4024, '0.95');
INSERT INTO `casos_uso` (`id_casos`, `id_ap`, `id_iteracion`, `yo_como`, `quiero`, `para`, `comentario`, `real_minutos`, `max_minutos_caso_uso`, `porcentaje_avance`) VALUES(25, 4, 25, 'administrador', 'revertir el estado de rechazado o aceptado', 'restarurar la solicitud a su estatus anterior', 'dar seguimiento', 3187, 3997, '0.96');
INSERT INTO `casos_uso` (`id_casos`, `id_ap`, `id_iteracion`, `yo_como`, `quiero`, `para`, `comentario`, `real_minutos`, `max_minutos_caso_uso`, `porcentaje_avance`) VALUES(26, 4, 26, 'cualquier mesa', 'consultar la lista de comerciales y sus asignación de coordinador', 'ver a sus responsables', 'Necesario', 3188, 3970, '0.97');
INSERT INTO `casos_uso` (`id_casos`, `id_ap`, `id_iteracion`, `yo_como`, `quiero`, `para`, `comentario`, `real_minutos`, `max_minutos_caso_uso`, `porcentaje_avance`) VALUES(27, 4, 27, 'comercial', 'asignar comerciales a coordinadores', 'que los puedan consultar los coordinadores', 'Indispensable', 3190, 3943, '0.98');
INSERT INTO `casos_uso` (`id_casos`, `id_ap`, `id_iteracion`, `yo_como`, `quiero`, `para`, `comentario`, `real_minutos`, `max_minutos_caso_uso`, `porcentaje_avance`) VALUES(28, 4, 28, 'mesa de prospectos', 'cambiar la asignación de comerciales a coordinadores', 'modificarlos en caso de algún cambio', 'Trabajar', 3192, 3916, '0.67');
INSERT INTO `casos_uso` (`id_casos`, `id_ap`, `id_iteracion`, `yo_como`, `quiero`, `para`, `comentario`, `real_minutos`, `max_minutos_caso_uso`, `porcentaje_avance`) VALUES(29, 4, 29, 'mesa de prospectos', 'consultar las solicitudes de mis comerciales asignados', 'ver el proceso de su trabajo', 'Comunicacion necesitada', 3194, 3889, '0.98');
INSERT INTO `casos_uso` (`id_casos`, `id_ap`, `id_iteracion`, `yo_como`, `quiero`, `para`, `comentario`, `real_minutos`, `max_minutos_caso_uso`, `porcentaje_avance`) VALUES(30, 4, 30, 'mesa de analisis', 'actualizar el dashboard de Google Sheets', 'revisar el estatus de los expedientes actualizados', 'Revisado', 3196, 3863, '0.77');
INSERT INTO `casos_uso` (`id_casos`, `id_ap`, `id_iteracion`, `yo_como`, `quiero`, `para`, `comentario`, `real_minutos`, `max_minutos_caso_uso`, `porcentaje_avance`) VALUES(31, 4, 31, 'mesa de analisis', 'obterner la información del prospecto con su RFC', 'automatizar el llenado de la solicitud', 'Terminar', 3198, 3836, '0.56');
INSERT INTO `casos_uso` (`id_casos`, `id_ap`, `id_iteracion`, `yo_como`, `quiero`, `para`, `comentario`, `real_minutos`, `max_minutos_caso_uso`, `porcentaje_avance`) VALUES(32, 4, 32, 'mesa de analisis', 'consultar el score del FICO dentro del portal', 'obtener la información de forma automática', 'Buen Trabajo', 3200, 3809, '0.72');
INSERT INTO `casos_uso` (`id_casos`, `id_ap`, `id_iteracion`, `yo_como`, `quiero`, `para`, `comentario`, `real_minutos`, `max_minutos_caso_uso`, `porcentaje_avance`) VALUES(33, 6, 33, 'cualquier mesa', 'ver cuando una solicitud es nueva', 'identificarlas con mayor facilidad', 'Excelente idea', 3202, 3782, '0.67');
INSERT INTO `casos_uso` (`id_casos`, `id_ap`, `id_iteracion`, `yo_como`, `quiero`, `para`, `comentario`, `real_minutos`, `max_minutos_caso_uso`, `porcentaje_avance`) VALUES(34, 6, 34, 'comercial', 'agregar mi telefono', 'recibir notificaciones via whatsapp', 'Revisado', 3204, 3755, '0.54');
INSERT INTO `casos_uso` (`id_casos`, `id_ap`, `id_iteracion`, `yo_como`, `quiero`, `para`, `comentario`, `real_minutos`, `max_minutos_caso_uso`, `porcentaje_avance`) VALUES(35, 6, 35, 'mesa de prospectos', 'agregar el documento de FICO', 'complementar el expediente', 'Terminar', 3206, 5200, '0.89');
INSERT INTO `casos_uso` (`id_casos`, `id_ap`, `id_iteracion`, `yo_como`, `quiero`, `para`, `comentario`, `real_minutos`, `max_minutos_caso_uso`, `porcentaje_avance`) VALUES(36, 6, 36, 'mesa de prospectos', 'asignar al analista de credito al enviar el expediente', 'repartir las solicitudes', 'Buen Trabajo', 3207, 4907, '0.45');
INSERT INTO `casos_uso` (`id_casos`, `id_ap`, `id_iteracion`, `yo_como`, `quiero`, `para`, `comentario`, `real_minutos`, `max_minutos_caso_uso`, `porcentaje_avance`) VALUES(37, 6, 37, 'administrador', 'aprobar o rechazar un credito', 'continuar con el flujo del prospecto', 'Excelente idea', 3209, 5616, '0.78');
INSERT INTO `casos_uso` (`id_casos`, `id_ap`, `id_iteracion`, `yo_como`, `quiero`, `para`, `comentario`, `real_minutos`, `max_minutos_caso_uso`, `porcentaje_avance`) VALUES(38, 6, 38, 'coordinador de comercial', 'consultar la lista de expedientes rechazados', 'ver los creditos que rechazó', 'dar seguimiento', 3211, 3690, '0.60');
INSERT INTO `casos_uso` (`id_casos`, `id_ap`, `id_iteracion`, `yo_como`, `quiero`, `para`, `comentario`, `real_minutos`, `max_minutos_caso_uso`, `porcentaje_avance`) VALUES(39, 6, 39, 'administrador', 'consultar la lista de expedientes aceptados', 'ver los creditos que acepto', 'Terminar', 3213, 4110, '0.78');
INSERT INTO `casos_uso` (`id_casos`, `id_ap`, `id_iteracion`, `yo_como`, `quiero`, `para`, `comentario`, `real_minutos`, `max_minutos_caso_uso`, `porcentaje_avance`) VALUES(40, 6, 40, 'cualquier mesa', 'consultar el mensaje de resolucion de credito', 'ver porqué aprobaron o rechazaron al prospecto', 'Buen Trabajo', 3215, 4990, '0.59');
INSERT INTO `casos_uso` (`id_casos`, `id_ap`, `id_iteracion`, `yo_como`, `quiero`, `para`, `comentario`, `real_minutos`, `max_minutos_caso_uso`, `porcentaje_avance`) VALUES(41, 6, 41, 'comercial', 'revertir el estado de rechazado o aceptado', 'restarurar la solicitud a su estatus anterior', 'Excelente idea', 3217, 4237, '0.93');
INSERT INTO `casos_uso` (`id_casos`, `id_ap`, `id_iteracion`, `yo_como`, `quiero`, `para`, `comentario`, `real_minutos`, `max_minutos_caso_uso`, `porcentaje_avance`) VALUES(42, 6, 42, 'mesa de prospectos', 'consultar la lista de comerciales y sus asignación de coordinador', 'ver a sus responsables', 'Revisado', 3219, 4091, '0.92');
INSERT INTO `casos_uso` (`id_casos`, `id_ap`, `id_iteracion`, `yo_como`, `quiero`, `para`, `comentario`, `real_minutos`, `max_minutos_caso_uso`, `porcentaje_avance`) VALUES(43, 5, 43, 'mesa de prospectos', 'asignar comerciales a coordinadores', 'que los puedan consultar los coordinadores', 'Terminar', 3221, 3945, '0.68');
INSERT INTO `casos_uso` (`id_casos`, `id_ap`, `id_iteracion`, `yo_como`, `quiero`, `para`, `comentario`, `real_minutos`, `max_minutos_caso_uso`, `porcentaje_avance`) VALUES(44, 5, 44, 'administrador', 'cambiar la asignación de comerciales a coordinadores', 'modificarlos en caso de algún cambio', 'Buen Trabajo', 3223, 5110, '0.55');
INSERT INTO `casos_uso` (`id_casos`, `id_ap`, `id_iteracion`, `yo_como`, `quiero`, `para`, `comentario`, `real_minutos`, `max_minutos_caso_uso`, `porcentaje_avance`) VALUES(45, 5, 45, 'administrador', 'consultar las solicitudes de mis comerciales asignados', 'ver el proceso de su trabajo', 'Excelente idea', 3225, 4964, '0.48');
INSERT INTO `casos_uso` (`id_casos`, `id_ap`, `id_iteracion`, `yo_como`, `quiero`, `para`, `comentario`, `real_minutos`, `max_minutos_caso_uso`, `porcentaje_avance`) VALUES(46, 5, 46, 'cualquier mesa', 'actualizar el dashboard de Google Sheets', 'revisar el estatus de los expedientes actualizados', 'dar seguimiento', 3226, 4118, '0.94');
INSERT INTO `casos_uso` (`id_casos`, `id_ap`, `id_iteracion`, `yo_como`, `quiero`, `para`, `comentario`, `real_minutos`, `max_minutos_caso_uso`, `porcentaje_avance`) VALUES(47, 5, 47, 'comercial', 'obterner la información del prospecto con su RFC', 'automatizar el llenado de la solicitud', 'Terminar', 3228, 3739, '0.28');
INSERT INTO `casos_uso` (`id_casos`, `id_ap`, `id_iteracion`, `yo_como`, `quiero`, `para`, `comentario`, `real_minutos`, `max_minutos_caso_uso`, `porcentaje_avance`) VALUES(48, 5, 48, 'mesa de prospectos', 'consultar el score del FICO dentro del portal', 'obtener la información de forma automática', 'Buen Trabajo', 3230, 3954, '0.66');
INSERT INTO `casos_uso` (`id_casos`, `id_ap`, `id_iteracion`, `yo_como`, `quiero`, `para`, `comentario`, `real_minutos`, `max_minutos_caso_uso`, `porcentaje_avance`) VALUES(49, 5, 49, 'mesa de prospectos', 'ver cuando una solicitud es nueva', 'identificarlas con mayor facilidad', 'Excelente idea', 3232, 3813, '0.49');
INSERT INTO `casos_uso` (`id_casos`, `id_ap`, `id_iteracion`, `yo_como`, `quiero`, `para`, `comentario`, `real_minutos`, `max_minutos_caso_uso`, `porcentaje_avance`) VALUES(50, 5, 50, 'administrador', 'ver cuando una solicitud es nueva', 'recibir notificaciones via whatsapp', 'Terminar', 3234, 3673, '0.86');
INSERT INTO `casos_uso` (`id_casos`, `id_ap`, `id_iteracion`, `yo_como`, `quiero`, `para`, `comentario`, `real_minutos`, `max_minutos_caso_uso`, `porcentaje_avance`) VALUES(54, 5, 41, 'administrador', 'ver cuando una solicitud es nueva', 'recibir notificaciones via whatsapp', 'Terminar', 3234, 3673, '0.86');
INSERT INTO `casos_uso` (`id_casos`, `id_ap`, `id_iteracion`, `yo_como`, `quiero`, `para`, `comentario`, `real_minutos`, `max_minutos_caso_uso`, `porcentaje_avance`) VALUES(57, 5, 41, 'administrador', 'ver cuando una solicitud es nueva', 'recibir notificaciones via whatsapp', 'Terminar', 3234, 3673, '0.86');
INSERT INTO `casos_uso` (`id_casos`, `id_ap`, `id_iteracion`, `yo_como`, `quiero`, `para`, `comentario`, `real_minutos`, `max_minutos_caso_uso`, `porcentaje_avance`) VALUES(55, 5, 41, 'administrador', 'ver cuando una solicitud es nueva', 'recibir notificaciones via whatsapp', 'Terminar', 3234, 3673, '0.86');
INSERT INTO `casos_uso` (`id_casos`, `id_ap`, `id_iteracion`, `yo_como`, `quiero`, `para`, `comentario`, `real_minutos`, `max_minutos_caso_uso`, `porcentaje_avance`) VALUES(56, 5, 41, 'administrador', 'ver cuando una solicitud es nueva', 'recibir notificaciones via whatsapp', 'Terminar', 3234, 3673, '0.86');

INSERT INTO `entrega` (`id_proyecto`, `id_fase`, `id_tarea`, `id_casos`,`nombre`, `entrega_estimada`, `entrega_real`, `estimacion`, `valor_ganado`, `costo_real`, `estado_entrega`) VALUES(1, 1, 1, 1,' IT16-1 - iniciar sesión - Test Cases (Análisis)', '2021-02-28', '2021-04-28', '02:11:40', '1.98', '8.87', b'1');
INSERT INTO `entrega` (`id_proyecto`, `id_fase`, `id_tarea`, `id_casos`,`nombre`, `entrega_estimada`, `entrega_real`, `estimacion`, `valor_ganado`, `costo_real`, `estado_entrega`) VALUES(1, 1, 1, 21,'IT16-2 - cerrar sesión - Test Cases (Análisis)', '2021-02-28', '2021-04-28', '01:12:55', '2.60', '7.79', b'1');
INSERT INTO `entrega` (`id_proyecto`, `id_fase`, `id_tarea`, `id_casos`,`nombre`, `entrega_estimada`, `entrega_real`, `estimacion`, `valor_ganado`, `costo_real`, `estado_entrega`) VALUES(1, 1, 1, 41,'IT16-2 - cerrar sesión - Verificación (Análisis)', '2021-02-28', '2021-04-28', '03:22:13', '2.82', '7.15', b'1');
INSERT INTO `entrega` (`id_proyecto`, `id_fase`, `id_tarea`, `id_casos`,`nombre`, `entrega_estimada`, `entrega_real`, `estimacion`, `valor_ganado`, `costo_real`, `estado_entrega`) VALUES(1, 1, 3, 54,'IT16-2 - cerrar sesión - Frontend (lógica) (Implementación)', '2021-03-01', '2021-03-01', NULL, '3.50', '6.30', b'1');
INSERT INTO `entrega` (`id_proyecto`, `id_fase`, `id_tarea`, `id_casos`,`nombre`, `entrega_estimada`, `entrega_real`, `estimacion`, `valor_ganado`, `costo_real`, `estado_entrega`) VALUES(1, 1, 4, 57,'IT16-2 - cerrar sesión - Matriz de trazabilidad (Implementación)', '2021-03-01', '2021-03-01', NULL, '3.00', '6.00', b'1');
INSERT INTO `entrega` (`id_proyecto`, `id_fase`, `id_tarea`, `id_casos`,`nombre`, `entrega_estimada`, `entrega_real`, `estimacion`, `valor_ganado`, `costo_real`, `estado_entrega`) VALUES(1, 2, 1, 57,'IT16-2 - cerrar sesión - Verificación (Implementación) (Implementación)', '2021-04-01', '2021-04-01', NULL, '4.00', '4.60', b'1');
INSERT INTO `entrega` (`id_proyecto`, `id_fase`, `id_tarea`, `id_casos`,`nombre`, `entrega_estimada`, `entrega_real`, `estimacion`, `valor_ganado`, `costo_real`, `estado_entrega`) VALUES(1, 2, 2, 41,'IT16-2 - cerrar sesión - Manual de Usuario (Implementación)', '2021-04-01', '2021-04-01', NULL, '2.00', '3.00', b'1');
INSERT INTO `entrega` (`id_proyecto`, `id_fase`, `id_tarea`, `id_casos`,`nombre`, `entrega_estimada`, `entrega_real`, `estimacion`, `valor_ganado`, `costo_real`, `estado_entrega`) VALUES(1, 2, 5, 54,'IT16-3 - ver mis créditos con Impúlsate - Test Cases (Análisis)', '2021-05-01', '2021-05-01', NULL, '7.00', '7.70', b'1');
INSERT INTO `entrega` (`id_proyecto`, `id_fase`, `id_tarea`, `id_casos`,`nombre`, `entrega_estimada`, `entrega_real`, `estimacion`, `valor_ganado`, `costo_real`, `estado_entrega`) VALUES(1, 3, 3, 55,'IT16-3 - ver mis créditos con Impúlsate - Wireframes (Diseño)', '2021-05-01', '2021-05-01', NULL, '6.00', '7.90', b'1');
INSERT INTO `entrega` (`id_proyecto`, `id_fase`, `id_tarea`, `id_casos`,`nombre`, `entrega_estimada`, `entrega_real`, `estimacion`, `valor_ganado`, `costo_real`, `estado_entrega`) VALUES(1, 4, 4, 55,'IT16-3 - ver mis créditos con Impúlsate - Algorítmo (Diseño)', '2021-06-01', '2021-06-01', NULL, '1.50', '2.40', b'1');
INSERT INTO `entrega` (`id_proyecto`, `id_fase`, `id_tarea`, `id_casos`,`nombre`, `entrega_estimada`, `entrega_real`, `estimacion`, `valor_ganado`, `costo_real`, `estado_entrega`) VALUES(1, 4, 7, 56,'IT16-3 - ver mis créditos con Impúlsate - Backend (Implementación)', '2021-06-01', '2021-06-01', NULL, '8.00', '5.00', b'1');
INSERT INTO `entrega` (`id_proyecto`, `id_fase`, `id_tarea`, `id_casos`,`nombre`, `entrega_estimada`, `entrega_real`, `estimacion`, `valor_ganado`, `costo_real`, `estado_entrega`) VALUES(2, 2, 6, 2,'NULL', '2021-02-28', '2021-04-28', '02:11:40', '2.93', '9.94', b'1');
INSERT INTO `entrega` (`id_proyecto`, `id_fase`, `id_tarea`, `id_casos`,`nombre`, `entrega_estimada`, `entrega_real`, `estimacion`, `valor_ganado`, `costo_real`, `estado_entrega`) VALUES(2, 2, 6, 22,'NULL', '2021-02-28', '2021-04-28', '02:15:23', '2.61', '7.76', b'1');
INSERT INTO `entrega` (`id_proyecto`, `id_fase`, `id_tarea`, `id_casos`,`nombre`, `entrega_estimada`, `entrega_real`, `estimacion`, `valor_ganado`, `costo_real`, `estado_entrega`) VALUES(2, 2, 6, 42,'NULL', '2021-02-28', '2021-04-28', '04:24:44', '2.83', '7.12', b'1');
INSERT INTO `entrega` (`id_proyecto`, `id_fase`, `id_tarea`, `id_casos`,`nombre`, `entrega_estimada`, `entrega_real`, `estimacion`, `valor_ganado`, `costo_real`, `estado_entrega`) VALUES(3, 1, 2, 43,'NULL', NULL, NULL, NULL, NULL, NULL, NULL);
INSERT INTO `entrega` (`id_proyecto`, `id_fase`, `id_tarea`, `id_casos`,`nombre`, `entrega_estimada`, `entrega_real`, `estimacion`, `valor_ganado`, `costo_real`, `estado_entrega`) VALUES(3, 2, 0, 43,'NULL', NULL, NULL, NULL, NULL, NULL, NULL);
INSERT INTO `entrega` (`id_proyecto`, `id_fase`, `id_tarea`, `id_casos`,`nombre`, `entrega_estimada`, `entrega_real`, `estimacion`, `valor_ganado`, `costo_real`, `estado_entrega`) VALUES(3, 2, 3, 3,'NULL', '2021-02-28', '2021-04-28', '01:12:55', '2.55', '7.73', b'1');
INSERT INTO `entrega` (`id_proyecto`, `id_fase`, `id_tarea`, `id_casos`,`nombre`, `entrega_estimada`, `entrega_real`, `estimacion`, `valor_ganado`, `costo_real`, `estado_entrega`) VALUES(3, 3, 0, 43,'NULL', NULL, NULL, NULL, NULL, NULL, NULL);
INSERT INTO `entrega` (`id_proyecto`, `id_fase`, `id_tarea`, `id_casos`,`nombre`, `entrega_estimada`, `entrega_real`, `estimacion`, `valor_ganado`, `costo_real`, `estado_entrega`) VALUES(3, 3, 4, 23,'NULL', '2021-02-28', '2021-04-28', '03:22:13', '2.62', '7.73', b'1');
INSERT INTO `entrega` (`id_proyecto`, `id_fase`, `id_tarea`, `id_casos`,`nombre`, `entrega_estimada`, `entrega_real`, `estimacion`, `valor_ganado`, `costo_real`, `estado_entrega`) VALUES(3, 4, 5, 43,'NULL', '2021-02-28', '2021-04-28', '02:11:40', '2.84', '7.09', b'1');
INSERT INTO `entrega` (`id_proyecto`, `id_fase`, `id_tarea`, `id_casos`,`nombre`, `entrega_estimada`, `entrega_real`, `estimacion`, `valor_ganado`, `costo_real`, `estado_entrega`) VALUES(4, 1, 6, 4,'NULL', '2021-02-28', '2021-04-28', '02:15:23', '1.23', '6.69', b'1');
INSERT INTO `entrega` (`id_proyecto`, `id_fase`, `id_tarea`, `id_casos`,`nombre`, `entrega_estimada`, `entrega_real`, `estimacion`, `valor_ganado`, `costo_real`, `estado_entrega`) VALUES(4, 2, 7, 44,'NULL', '2021-02-28', '2021-04-28', '02:11:40', '2.85', '7.06', b'1');
INSERT INTO `entrega` (`id_proyecto`, `id_fase`, `id_tarea`, `id_casos`,`nombre`, `entrega_estimada`, `entrega_real`, `estimacion`, `valor_ganado`, `costo_real`, `estado_entrega`) VALUES(4, 3, 8, 24,'NULL', '2021-02-28', '2021-04-28', '04:24:44', '2.64', '7.70', b'1');
INSERT INTO `entrega` (`id_proyecto`, `id_fase`, `id_tarea`, `id_casos`,`nombre`, `entrega_estimada`, `entrega_real`, `estimacion`, `valor_ganado`, `costo_real`, `estado_entrega`) VALUES(5, 2, 2, 45,'NULL', '2021-02-28', '2021-04-28', '01:12:55', '2.86', '7.02', b'1');
INSERT INTO `entrega` (`id_proyecto`, `id_fase`, `id_tarea`, `id_casos`,`nombre`, `entrega_estimada`, `entrega_real`, `estimacion`, `valor_ganado`, `costo_real`, `estado_entrega`) VALUES(5, 4, 13, 25,'NULL', '2021-02-28', '2021-04-28', '02:11:40', '2.65', '7.66', b'1');
INSERT INTO `entrega` (`id_proyecto`, `id_fase`, `id_tarea`, `id_casos`,`nombre`, `entrega_estimada`, `entrega_real`, `estimacion`, `valor_ganado`, `costo_real`, `estado_entrega`) VALUES(5, 9, 14, 5,'NULL', '2021-02-28', '2021-04-28', '03:22:13', '3.45', '7.34', b'1');
INSERT INTO `entrega` (`id_proyecto`, `id_fase`, `id_tarea`, `id_casos`,`nombre`, `entrega_estimada`, `entrega_real`, `estimacion`, `valor_ganado`, `costo_real`, `estado_entrega`) VALUES(6, 2, 10, 46,'NULL', '2021-02-28', '2021-04-28', '02:15:23', '2.87', '6.99', b'1');
INSERT INTO `entrega` (`id_proyecto`, `id_fase`, `id_tarea`, `id_casos`,`nombre`, `entrega_estimada`, `entrega_real`, `estimacion`, `valor_ganado`, `costo_real`, `estado_entrega`) VALUES(6, 3, 2, 6,'NULL', '2021-02-28', '2021-04-28', '04:24:44', '1.78', '9.99', b'1');
INSERT INTO `entrega` (`id_proyecto`, `id_fase`, `id_tarea`, `id_casos`,`nombre`, `entrega_estimada`, `entrega_real`, `estimacion`, `valor_ganado`, `costo_real`, `estado_entrega`) VALUES(6, 4, 3, 26,'NULL', '2021-02-28', '2021-04-28', '02:11:40', '2.66', '7.63', b'1');
INSERT INTO `entrega` (`id_proyecto`, `id_fase`, `id_tarea`, `id_casos`,`nombre`, `entrega_estimada`, `entrega_real`, `estimacion`, `valor_ganado`, `costo_real`, `estado_entrega`) VALUES(7, 1, 3, 7,'NULL', '2021-02-28', '2021-04-28', '02:11:40', '2.56', '8.23', b'1');
INSERT INTO `entrega` (`id_proyecto`, `id_fase`, `id_tarea`, `id_casos`,`nombre`, `entrega_estimada`, `entrega_real`, `estimacion`, `valor_ganado`, `costo_real`, `estado_entrega`) VALUES(7, 2, 13, 27,'NULL', '2021-02-28', '2021-04-28', '01:12:55', '2.67', '7.60', b'1');
INSERT INTO `entrega` (`id_proyecto`, `id_fase`, `id_tarea`, `id_casos`,`nombre`, `entrega_estimada`, `entrega_real`, `estimacion`, `valor_ganado`, `costo_real`, `estado_entrega`) VALUES(7, 3, 14, 47,'NULL', '2021-02-28', '2021-04-28', '03:22:13', '2.88', '6.96', b'1');
INSERT INTO `entrega` (`id_proyecto`, `id_fase`, `id_tarea`, `id_casos`,`nombre`, `entrega_estimada`, `entrega_real`, `estimacion`, `valor_ganado`, `costo_real`, `estado_entrega`) VALUES(8, 2, 13, 8,'NULL', '2021-02-28', '2021-04-28', '02:11:40', '2.93', '8.21', b'1');
INSERT INTO `entrega` (`id_proyecto`, `id_fase`, `id_tarea`, `id_casos`,`nombre`, `entrega_estimada`, `entrega_real`, `estimacion`, `valor_ganado`, `costo_real`, `estado_entrega`) VALUES(8, 3, 14, 28,'NULL', '2021-02-28', '2021-04-28', '02:15:23', '2.68', '7.57', b'1');
INSERT INTO `entrega` (`id_proyecto`, `id_fase`, `id_tarea`, `id_casos`,`nombre`, `entrega_estimada`, `entrega_real`, `estimacion`, `valor_ganado`, `costo_real`, `estado_entrega`) VALUES(8, 4, 5, 48,'NULL', '2021-02-28', '2021-04-28', '04:24:44', '2.89', '6.93', b'1');
INSERT INTO `entrega` (`id_proyecto`, `id_fase`, `id_tarea`, `id_casos`,`nombre`, `entrega_estimada`, `entrega_real`, `estimacion`, `valor_ganado`, `costo_real`, `estado_entrega`) VALUES(9, 2, 13, 9,'NULL', '2021-02-28', '2021-04-28', '01:12:55', '1.23', '8.18', b'1');
INSERT INTO `entrega` (`id_proyecto`, `id_fase`, `id_tarea`, `id_casos`,`nombre`, `entrega_estimada`, `entrega_real`, `estimacion`, `valor_ganado`, `costo_real`, `estado_entrega`) VALUES(9, 3, 14, 49,'NULL', '2021-02-28', '2021-04-28', '02:11:40', '2.90', '6.90', b'1');
INSERT INTO `entrega` (`id_proyecto`, `id_fase`, `id_tarea`, `id_casos`,`nombre`, `entrega_estimada`, `entrega_real`, `estimacion`, `valor_ganado`, `costo_real`, `estado_entrega`) VALUES(9, 4, 3, 29,'NULL', '2021-02-28', '2021-04-28', '03:22:13', '2.69', '7.54', b'1');
INSERT INTO `entrega` (`id_proyecto`, `id_fase`, `id_tarea`, `id_casos`,`nombre`, `entrega_estimada`, `entrega_real`, `estimacion`, `valor_ganado`, `costo_real`, `estado_entrega`) VALUES(10, 1, 13, 10,'NULL', '2021-02-28', '2021-04-28', '02:15:23', '3.45', '8.14', b'1');
INSERT INTO `entrega` (`id_proyecto`, `id_fase`, `id_tarea`, `id_casos`,`nombre`, `entrega_estimada`, `entrega_real`, `estimacion`, `valor_ganado`, `costo_real`, `estado_entrega`) VALUES(10, 2, 14, 30,'NULL', '2021-02-28', '2021-04-28', '04:24:44', '2.70', '7.50', b'1');
INSERT INTO `entrega` (`id_proyecto`, `id_fase`, `id_tarea`, `id_casos`,`nombre`, `entrega_estimada`, `entrega_real`, `estimacion`, `valor_ganado`, `costo_real`, `estado_entrega`) VALUES(11, 2, 3, 11,'NULL', '2021-02-28', '2021-04-28', '03:22:13', '1.98', '8.11', b'1');
INSERT INTO `entrega` (`id_proyecto`, `id_fase`, `id_tarea`, `id_casos`,`nombre`, `entrega_estimada`, `entrega_real`, `estimacion`, `valor_ganado`, `costo_real`, `estado_entrega`) VALUES(11, 4, 5, 31,'NULL', '2021-02-28', '2021-04-28', '02:11:40', '2.71', '7.47', b'1');
INSERT INTO `entrega` (`id_proyecto`, `id_fase`, `id_tarea`, `id_casos`,`nombre`, `entrega_estimada`, `entrega_real`, `estimacion`, `valor_ganado`, `costo_real`, `estado_entrega`) VALUES(12, 3, 8, 12,'NULL', '2021-02-28', '2021-04-28', '04:24:44', '3.45', '8.08', b'1');
INSERT INTO `entrega` (`id_proyecto`, `id_fase`, `id_tarea`, `id_casos`,`nombre`, `entrega_estimada`, `entrega_real`, `estimacion`, `valor_ganado`, `costo_real`, `estado_entrega`) VALUES(12, 4, 9, 32,'NULL', '2021-02-28', '2021-04-28', '02:11:40', '2.72', '7.44', b'1');
INSERT INTO `entrega` (`id_proyecto`, `id_fase`, `id_tarea`, `id_casos`,`nombre`, `entrega_estimada`, `entrega_real`, `estimacion`, `valor_ganado`, `costo_real`, `estado_entrega`) VALUES(13, 1, 10, 33,'NULL', '2021-02-28', '2021-04-28', '01:12:55', '2.73', '7.41', b'1');
INSERT INTO `entrega` (`id_proyecto`, `id_fase`, `id_tarea`, `id_casos`,`nombre`, `entrega_estimada`, `entrega_real`, `estimacion`, `valor_ganado`, `costo_real`, `estado_entrega`) VALUES(13, 2, 11, 13,'NULL', '2021-02-28', '2021-04-28', '02:11:40', '4.55', '8.05', b'1');
INSERT INTO `entrega` (`id_proyecto`, `id_fase`, `id_tarea`, `id_casos`,`nombre`, `entrega_estimada`, `entrega_real`, `estimacion`, `valor_ganado`, `costo_real`, `estado_entrega`) VALUES(14, 2, 15, 14,'NULL', '2021-02-28', '2021-04-28', '02:11:40', '1.24', '8.02', b'1');
INSERT INTO `entrega` (`id_proyecto`, `id_fase`, `id_tarea`, `id_casos`,`nombre`, `entrega_estimada`, `entrega_real`, `estimacion`, `valor_ganado`, `costo_real`, `estado_entrega`) VALUES(14, 3, 16, 34,'NULL', '2021-02-28', '2021-04-28', '02:15:23', '2.74', '7.38', b'1');
INSERT INTO `entrega` (`id_proyecto`, `id_fase`, `id_tarea`, `id_casos`,`nombre`, `entrega_estimada`, `entrega_real`, `estimacion`, `valor_ganado`, `costo_real`, `estado_entrega`) VALUES(15, 2, 19, 15,'NULL', '2021-02-28', '2021-04-28', '01:12:55', '2.46', '7.98', b'1');
INSERT INTO `entrega` (`id_proyecto`, `id_fase`, `id_tarea`, `id_casos`,`nombre`, `entrega_estimada`, `entrega_real`, `estimacion`, `valor_ganado`, `costo_real`, `estado_entrega`) VALUES(15, 3, 20, 35,'NULL', '2021-02-28', '2021-04-28', '03:22:13', '2.75', '7.34', b'1');
INSERT INTO `entrega` (`id_proyecto`, `id_fase`, `id_tarea`, `id_casos`,`nombre`, `entrega_estimada`, `entrega_real`, `estimacion`, `valor_ganado`, `costo_real`, `estado_entrega`) VALUES(16, 1, 22, 16,'NULL', '2021-02-28', '2021-04-28', '02:15:23', '1.96', '7.95', b'1');
INSERT INTO `entrega` (`id_proyecto`, `id_fase`, `id_tarea`, `id_casos`,`nombre`, `entrega_estimada`, `entrega_real`, `estimacion`, `valor_ganado`, `costo_real`, `estado_entrega`) VALUES(16, 4, 25, 36,'NULL', '2021-02-28', '2021-04-28', '04:24:44', '2.76', '7.31', b'1');
INSERT INTO `entrega` (`id_proyecto`, `id_fase`, `id_tarea`, `id_casos`,`nombre`, `entrega_estimada`, `entrega_real`, `estimacion`, `valor_ganado`, `costo_real`, `estado_entrega`) VALUES(17, 3, 28, 17,'NULL', '2021-02-28', '2021-04-28', '03:22:13', '2.34', '7.92', b'1');
INSERT INTO `entrega` (`id_proyecto`, `id_fase`, `id_tarea`, `id_casos`,`nombre`, `entrega_estimada`, `entrega_real`, `estimacion`, `valor_ganado`, `costo_real`, `estado_entrega`) VALUES(17, 4, 29, 37,'NULL', '2021-02-28', '2021-04-28', '02:11:40', '2.77', '7.28', b'1');
INSERT INTO `entrega` (`id_proyecto`, `id_fase`, `id_tarea`, `id_casos`,`nombre`, `entrega_estimada`, `entrega_real`, `estimacion`, `valor_ganado`, `costo_real`, `estado_entrega`) VALUES(18, 1, 30, 38,'NULL', '2021-02-28', '2021-04-28', '02:11:40', '2.79', '7.25', b'1');
INSERT INTO `entrega` (`id_proyecto`, `id_fase`, `id_tarea`, `id_casos`,`nombre`, `entrega_estimada`, `entrega_real`, `estimacion`, `valor_ganado`, `costo_real`, `estado_entrega`) VALUES(18, 2, 31, 18,'NULL', '2021-02-28', '2021-04-28', '04:24:44', '2.57', '7.89', b'1');
INSERT INTO `entrega` (`id_proyecto`, `id_fase`, `id_tarea`, `id_casos`,`nombre`, `entrega_estimada`, `entrega_real`, `estimacion`, `valor_ganado`, `costo_real`, `estado_entrega`) VALUES(19, 1, 34, 39,'NULL', '2021-02-28', '2021-04-28', '01:12:55', '2.80', '7.22', b'1');
INSERT INTO `entrega` (`id_proyecto`, `id_fase`, `id_tarea`, `id_casos`,`nombre`, `entrega_estimada`, `entrega_real`, `estimacion`, `valor_ganado`, `costo_real`, `estado_entrega`) VALUES(19, 3, 36, 19,'NULL', '2021-02-28', '2021-04-28', '02:11:40', '2.58', '7.86', b'1');
INSERT INTO `entrega` (`id_proyecto`, `id_fase`, `id_tarea`, `id_casos`,`nombre`, `entrega_estimada`, `entrega_real`, `estimacion`, `valor_ganado`, `costo_real`, `estado_entrega`) VALUES(20, 1, 38, 40,'NULL', '2021-02-28', '2021-04-28', '02:15:23', '2.81', '7.18', b'1');
INSERT INTO `entrega` (`id_proyecto`, `id_fase`, `id_tarea`, `id_casos`,`nombre`, `entrega_estimada`, `entrega_real`, `estimacion`, `valor_ganado`, `costo_real`, `estado_entrega`) VALUES(20, 2, 39, 20,'NULL', '2021-02-28', '2021-04-28', '02:11:40', '2.59', '7.82', b'1');


COMMIT;

/*!40101 SET CHARACTER_SET_CLIENT=@OLD_CHARACTER_SET_CLIENT */;
/*!40101 SET CHARACTER_SET_RESULTS=@OLD_CHARACTER_SET_RESULTS */;
/*!40101 SET COLLATION_CONNECTION=@OLD_COLLATION_CONNECTION */;
